<?xml version="1.0" encoding="UTF-8"?>
<COLLADA xmlns="http://www.collada.org/2005/11/COLLADASchema" version="1.4.1">
    <asset>
        <contributor>
            <author>VCGLab</author>
            <authoring_tool>VCGLib | MeshLab</authoring_tool>
        </contributor>
        <created>Tue Dec 9 04:45:02 2025 GMT</created>
        <modified>Tue Dec 9 04:45:02 2025 GMT</modified>
        <up_axis>Y_UP</up_axis>
    </asset>
    <library_geometries>
        <geometry id="shape0-lib" name="shape0">
            <mesh>
                <source id="shape0-lib-positions" name="position">
                    <float_array id="shape0-lib-positions-array" count="6303">-0.0398461 -0.032 -0.0860305 -0.0397869 -0.032 -0.0857945 -0.0410929 -0.032 -0.087925 -0.04745 -0.032 -0.11165 -0.046947 -0.032 -0.111116 -0.0467291 -0.032 -0.10341 -0.0461354 -0.032 -0.102942 -0.0445884 -0.032 -0.0954211 -0.0439119 -0.032 -0.0950354 -0.0408616 -0.032 -0.0885279 0.0397869 -0.032 -0.0857945 0.0398461 -0.032 -0.0860305 0.0410929 -0.032 -0.087925 0.0408616 -0.032 -0.0885279 0.0445884 -0.032 -0.0954211 0.0442105 -0.032 -0.0958471 0.0467291 -0.032 -0.10341 0.0462601 -0.032 -0.103631 0.04745 -0.032 -0.11165 0.04695 -0.032 -0.11165 0.0467291 -0.032 -0.11989 0.0462316 -0.032 -0.119832 0.0445884 -0.032 -0.127879 0.0440982 -0.032 -0.127764 0.0410929 -0.032 -0.135375 0.0406153 -0.032 -0.135202 0.0363488 -0.032 -0.14215 0.0358893 -0.032 -0.14192 0.0305003 -0.032 -0.147999 0.030065 -0.032 -0.147711 0.023725 -0.032 -0.152743 0.023475 -0.032 -0.15231 0.0233205 -0.032 -0.152399 0.0162289 -0.032 -0.156238 0.0158624 -0.032 -0.155839 0.00823961 -0.032 -0.158379 0.00791875 -0.032 -0.157927 -3.60836e-10 -0.032 -0.1591 -0.000267223 -0.032 -0.158599 -0.00823961 -0.032 -0.158379 -0.00844502 -0.032 -0.157834 -0.0162289 -0.032 -0.156238 -0.0163644 -0.032 -0.155656 -0.023725 -0.032 -0.152743 -0.0237829 -0.032 -0.152131 -0.0305003 -0.032 -0.147999 -0.0304735 -0.032 -0.147366 -0.0363488 -0.032 -0.14215 -0.0362316 -0.032 -0.141509 -0.0410929 -0.032 -0.135375 -0.0408808 -0.032 -0.134738 -0.0445884 -0.032 -0.127879 -0.0442788 -0.032 -0.127261 -0.0467291 -0.032 -0.11989 -0.0463217 -0.032 -0.119305 -0.04695 -0.032 -0.11165 0.04745 -0.024 -0.11165 0.0467291 -0.024 -0.10341 0.0445884 -0.024 -0.0954211 0.0410929 -0.024 -0.087925 0.0363488 -0.024 -0.0811497 0.0363488 -0.032 -0.0811497 0.0305003 -0.024 -0.0753012 0.0305003 -0.032 -0.0753012 0.023725 -0.024 -0.0705571 0.023725 -0.032 -0.0705571 0.0162289 -0.024 -0.0670616 0.0162289 -0.032 -0.0670616 0.00823961 -0.024 -0.0649209 0.00823961 -0.032 -0.0649209 -3.60836e-10 -0.024 -0.0642 -3.60836e-10 -0.032 -0.0642 -0.00823961 -0.024 -0.0649209 -0.00823961 -0.032 -0.0649209 -0.0162289 -0.024 -0.0670616 -0.0162289 -0.032 -0.0670616 -0.023725 -0.024 -0.0705571 -0.023725 -0.032 -0.0705571 -0.0305003 -0.024 -0.0753012 -0.0305003 -0.032 -0.0753012 -0.0363488 -0.024 -0.0811497 -0.0363488 -0.032 -0.0811497 -0.0410929 -0.024 -0.087925 -0.0445884 -0.024 -0.0954211 -0.0467291 -0.024 -0.10341 -0.04745 -0.024 -0.11165 -0.0467291 -0.024 -0.11989 -0.0445884 -0.024 -0.127879 -0.0410929 -0.024 -0.135375 -0.0363488 -0.024 -0.14215 -0.0305003 -0.024 -0.147999 -0.023725 -0.024 -0.152743 -0.0162289 -0.024 -0.156238 -0.00823961 -0.024 -0.158379 -3.60836e-10 -0.024 -0.1591 0.00823961 -0.024 -0.158379 0.0162289 -0.024 -0.156238 0.023725 -0.024 -0.152743 0.0305003 -0.024 -0.147999 0.0363488 -0.024 -0.14215 0.0410929 -0.024 -0.135375 0.0445884 -0.024 -0.127879 0.0467291 -0.024 -0.11989 0.0395 -0.04 -0.02715 0.04 -0.0395 -0.02715 0.0395 -0.0395 -0.02665 0.04695 -0.04 -0.11165 0.04745 -0.0395 -0.11165 0.0467527 -0.0395 -0.103545 0.0462601 -0.04 -0.103631 0.0446814 -0.0395 -0.0956788 0.0442105 -0.04 -0.0958471 0.0412968 -0.0395 -0.0882817 0.0408616 -0.04 -0.0885279 -0.0408616 -0.04 -0.0885279 -0.0412968 -0.0395 -0.0882817 -0.0447207 -0.0395 -0.0957894 -0.0442495 -0.04 -0.0959565 -0.0467922 -0.0395 -0.103777 -0.0462992 -0.04 -0.10386 -0.04695 -0.04 -0.11165 -0.04745 -0.0395 -0.11165 -0.0469487 -0.04 -0.111998 -0.0474487 -0.0395 -0.112002 -0.0467291 -0.0395 -0.11989 -0.0461784 -0.04 -0.120127 -0.0466702 -0.0395 -0.120217 -0.0444804 -0.0395 -0.128173 -0.0440117 -0.04 -0.127999 -0.0409454 -0.0395 -0.135629 -0.0405139 -0.04 -0.135376 -0.0361722 -0.0395 -0.14236 -0.035791 -0.04 -0.142036 -0.030305 -0.0395 -0.148162 -0.0299857 -0.04 -0.147777 -0.0235214 -0.0395 -0.15286 -0.0232735 -0.04 -0.152426 -0.0160265 -0.0395 -0.156312 -0.0158576 -0.04 -0.155841 -0.00804688 -0.0395 -0.158413 -0.00796208 -0.04 -0.15792 0.000176072 -0.0395 -0.1591 0.000174209 -0.04 -0.1586 0.00839369 -0.0395 -0.158352 0.00830525 -0.04 -0.15786 0.0163575 -0.0395 -0.156191 0.0161851 -0.04 -0.155722 0.023475 -0.04 -0.15231 0.023725 -0.0395 -0.152743 0.0235755 -0.04 -0.152252 0.0238266 -0.0395 -0.152684 0.0305751 -0.0395 -0.147936 0.030253 -0.04 -0.147553 0.0363991 -0.0395 -0.14209 0.0360155 -0.04 -0.14177 0.0411222 -0.0395 -0.135324 0.0406889 -0.04 -0.135075 0.0446018 -0.0395 -0.127842 0.0441318 -0.04 -0.127671 0.0467325 -0.0395 -0.11987 0.0462401 -0.04 -0.119784 0.04 -0.0395 -0.0833568 0.0395 -0.04 -0.0833568 0.0403336 -0.0395 -0.0859181 0.0398502 -0.04 -0.0860462 0.0412968 -0.0325 -0.0882817 0.0446813 -0.0395 -0.0956788 0.0446813 -0.0325 -0.0956788 0.0467527 -0.0325 -0.103545 0.04745 -0.0325 -0.11165 0.0160313 -0.0325 -0.15631 0.0163575 -0.0395 -0.156191 0.0235689 -0.0325 -0.152833 0.023725 -0.0325 -0.152743 0.0303852 -0.0325 -0.148095 0.0362715 -0.0325 -0.142242 0.0410478 -0.0325 -0.135453 0.0411222 -0.0395 -0.135324 0.0445679 -0.0325 -0.127935 0.0446018 -0.0395 -0.127842 0.0467239 -0.0325 -0.119919 0.0467325 -0.0395 -0.11987 0.00800309 -0.0325 -0.15842 0.00823961 -0.0325 -0.158379 -0.00804687 -0.0395 -0.158413 -0.000270069 -0.0325 -0.159099 -3.60836e-10 -0.0325 -0.1591 -0.00853497 -0.0325 -0.158326 -0.00823961 -0.0325 -0.158379 -0.0235214 -0.0395 -0.15286 -0.0165386 -0.0325 -0.156124 -0.0162289 -0.0325 -0.156238 -0.0240362 -0.0325 -0.152562 -0.023725 -0.0325 -0.152743 -0.0307981 -0.0325 -0.147747 -0.0305003 -0.0325 -0.147999 -0.0366174 -0.0325 -0.141827 -0.0363488 -0.0325 -0.14215 -0.0413161 -0.0325 -0.134984 -0.0410929 -0.0325 -0.135375 -0.04745 -0.0325 -0.11165 -0.046815 -0.0325 -0.119387 -0.0467291 -0.0325 -0.11989 -0.0447503 -0.0325 -0.127427 -0.0445884 -0.0325 -0.127879 -0.0474469 -0.0325 -0.11111 -0.0467527 -0.0325 -0.103545 -0.0466267 -0.0325 -0.102849 -0.0446813 -0.0325 -0.0956788 -0.0443796 -0.0325 -0.0948585 -0.0412968 -0.0325 -0.0882817 -0.0403296 -0.0395 -0.0859032 -0.0398461 -0.04 -0.0860305 -0.04 -0.0395 -0.0833568 -0.0395 -0.04 -0.0833568 0.04 -0.0325 -0.02715 0.0395 -0.0325 -0.02665 0.0380649 -0.0395 -0.02665 0.0380649 -0.04 -0.02715 0.0380649 -0.04 -0.02665 -0.0366171 -0.04 -0.02665 -0.0366171 -0.04 -0.02715 -0.0395 -0.04 -0.02715 -0.0366171 -0.0395 -0.02665 -0.0395 -0.0395 -0.02665 0.0395 -0.032 -0.02715 0.04 -0.0325 -0.0833568 0.0403296 -0.0325 -0.0859032 -0.04 -0.0395 -0.02715 -0.0412968 -0.0325 -0.0882817 -0.0403296 -0.0325 -0.0859032 -0.04 -0.0325 -0.0833568 -0.0366171 -0.0325 -0.02665 -0.0366171 -0.032 -0.02665 -0.0366171 -0.032 -0.02715 0.0380649 -0.0325 -0.02665 0.0380649 -0.032 -0.02665 -0.0395 -0.0325 -0.02665 0.0380649 -0.032 -0.02715 0.0395 -0.032 -0.0833568 -0.04 -0.0325 -0.02715 -0.0395 -0.032 -0.02715 -0.0395 -0.032 -0.0833568 0.0398461 0.032 -0.0860305 0.0397869 0.032 -0.0857945 0.0410929 0.032 -0.087925 0.023725 0.032 -0.152743 0.0235755 0.032 -0.152252 0.0305003 0.032 -0.147999 0.030253 0.032 -0.147553 0.0363488 0.032 -0.14215 0.0360155 0.032 -0.14177 0.0410929 0.032 -0.135375 0.0406889 0.032 -0.135075 0.0445884 0.032 -0.127879 0.0441318 0.032 -0.127671 0.0467291 0.032 -0.11989 0.0462401 0.032 -0.119784 0.04745 0.032 -0.11165 0.04695 0.032 -0.11165 0.0467291 0.032 -0.10341 0.0462601 0.032 -0.103631 0.0445884 0.032 -0.0954211 0.0442105 0.032 -0.0958471 0.0408616 0.032 -0.0885279 -0.0397869 0.032 -0.0857945 -0.0398461 0.032 -0.0860305 -0.0410929 0.032 -0.087925 -0.0408616 0.032 -0.0885279 -0.0445884 0.032 -0.0954211 -0.0442495 0.032 -0.0959565 -0.0467291 0.032 -0.10341 -0.0462992 0.032 -0.10386 -0.04745 0.032 -0.11165 -0.04695 0.032 -0.11165 -0.0469487 0.032 -0.111998 -0.0467291 0.032 -0.11989 -0.0461784 0.032 -0.120127 -0.0445884 0.032 -0.127879 -0.0440117 0.032 -0.127999 -0.0410929 0.032 -0.135375 -0.0405139 0.032 -0.135376 -0.0363488 0.032 -0.14215 -0.035791 0.032 -0.142036 -0.0305003 0.032 -0.147999 -0.0299857 0.032 -0.147777 -0.023725 0.032 -0.152743 -0.0232735 0.032 -0.152426 -0.0162289 0.032 -0.156238 -0.0158576 0.032 -0.155841 -0.00823961 0.032 -0.158379 -0.00796208 0.032 -0.15792 -3.60836e-10 0.032 -0.1591 0.000174209 0.032 -0.1586 0.00823961 0.032 -0.158379 0.00830525 0.032 -0.15786 0.0162289 0.032 -0.156238 0.0161851 0.032 -0.155722 0.023475 0.032 -0.15231 0.04745 0.024 -0.11165 0.0467291 0.024 -0.11989 0.0445884 0.024 -0.127879 0.0410929 0.024 -0.135375 0.0363488 0.024 -0.14215 0.0305003 0.024 -0.147999 0.023725 0.024 -0.152743 0.0162289 0.024 -0.156238 0.00823961 0.024 -0.158379 -3.60836e-10 0.024 -0.1591 -0.00823961 0.024 -0.158379 -0.0162289 0.024 -0.156238 -0.023725 0.024 -0.152743 -0.0305003 0.024 -0.147999 -0.0363488 0.024 -0.14215 -0.0410929 0.024 -0.135375 -0.0445884 0.024 -0.127879 -0.0467291 0.024 -0.11989 -0.04745 0.024 -0.11165 -0.0467291 0.024 -0.10341 -0.0445884 0.024 -0.0954211 -0.0410929 0.024 -0.087925 -0.0363488 0.024 -0.0811497 -0.0363488 0.032 -0.0811497 -0.0305003 0.024 -0.0753012 -0.0305003 0.032 -0.0753012 -0.023725 0.024 -0.0705571 -0.023725 0.032 -0.0705571 -0.0162289 0.024 -0.0670616 -0.0162289 0.032 -0.0670616 -0.00823961 0.024 -0.0649209 -0.00823961 0.032 -0.0649209 -3.60836e-10 0.024 -0.0642 -3.60836e-10 0.032 -0.0642 0.00823961 0.024 -0.0649209 0.00823961 0.032 -0.0649209 0.0162289 0.024 -0.0670616 0.0162289 0.032 -0.0670616 0.023725 0.024 -0.0705571 0.023725 0.032 -0.0705571 0.0305003 0.024 -0.0753012 0.0305003 0.032 -0.0753012 0.0363488 0.024 -0.0811497 0.0363488 0.032 -0.0811497 0.0410929 0.024 -0.087925 0.0445884 0.024 -0.0954211 0.0467291 0.024 -0.10341 0.0395 0.04 -0.02715 0.0395 0.0395 -0.02665 0.04 0.0395 -0.02715 0.0412968 0.0395 -0.0882817 0.0412968 0.0325 -0.0882817 0.0446813 0.0325 -0.0956788 0.0446483 0.0395 -0.0955868 0.0467527 0.0325 -0.103545 0.0467443 0.0395 -0.103497 0.04745 0.0325 -0.11165 0.04745 0.0395 -0.11165 0.0395 0.04 -0.0833568 0.04 0.0395 -0.0833568 0.0408616 0.04 -0.0885279 0.0403296 0.0395 -0.0859032 0.0398461 0.04 -0.0860305 0.0441779 0.04 -0.0957561 0.0462518 0.04 -0.103583 0.04695 0.04 -0.11165 0.0467239 0.0395 -0.119919 -0.0439119 0.04 -0.0950354 -0.0443796 0.0395 -0.0948585 -0.0408616 0.04 -0.0885279 -0.0412968 0.0395 -0.0882817 0.0462316 0.04 -0.119832 0.0445679 0.0395 -0.127935 0.0440982 0.04 -0.127764 0.0410478 0.0395 -0.135453 0.0406153 0.04 -0.135202 0.0362715 0.0395 -0.142242 0.0358893 0.04 -0.14192 0.0303852 0.0395 -0.148095 0.030065 0.04 -0.147711 0.023475 0.04 -0.15231 0.023725 0.0395 -0.152743 0.0233205 0.04 -0.152399 0.0235689 0.0395 -0.152833 0.0160313 0.0395 -0.15631 0.0158624 0.04 -0.155839 0.00823961 0.0395 -0.158379 0.00791875 0.04 -0.157927 0.00800309 0.0395 -0.15842 -3.60836e-10 0.0395 -0.1591 -0.000267223 0.04 -0.158599 -0.000270069 0.0395 -0.159099 -0.00823961 0.0395 -0.158379 -0.00844502 0.04 -0.157834 -0.00853497 0.0395 -0.158326 -0.0162289 0.0395 -0.156238 -0.0163644 0.04 -0.155656 -0.0165386 0.0395 -0.156124 -0.023725 0.0395 -0.152743 -0.0237829 0.04 -0.152131 -0.0240362 0.0395 -0.152562 -0.0305003 0.0395 -0.147999 -0.0304735 0.04 -0.147366 -0.0307981 0.0395 -0.147747 -0.0363488 0.0395 -0.14215 -0.0362316 0.04 -0.141509 -0.0366174 0.0395 -0.141827 -0.0410929 0.0395 -0.135375 -0.0408808 0.04 -0.134738 -0.0413161 0.0395 -0.134984 -0.0442788 0.04 -0.127261 -0.0445884 0.0395 -0.127879 -0.0447503 0.0395 -0.127427 -0.0463217 0.04 -0.119305 -0.0467291 0.0395 -0.11989 -0.046815 0.0395 -0.119387 -0.04695 0.04 -0.11165 -0.04745 0.0395 -0.11165 -0.046947 0.04 -0.111116 -0.0474469 0.0395 -0.11111 -0.0461354 0.04 -0.102942 -0.0467527 0.0395 -0.103545 -0.0466267 0.0395 -0.102849 -0.0446813 0.0395 -0.0956788 -0.0395 0.0395 -0.02665 -0.0374027 0.0395 -0.02665 -0.0395 0.04 -0.02715 -0.0374027 0.04 -0.02715 -0.0374027 0.04 -0.02665 0.0363922 0.04 -0.02715 0.0363922 0.04 -0.02665 0.0363922 0.0395 -0.02665 0.04 0.0325 -0.02715 0.0395 0.0325 -0.02665 0.0395 0.032 -0.02715 0.04 0.0325 -0.0833568 0.0403296 0.0325 -0.0859032 0.00839369 0.0325 -0.158352 0.0163575 0.0325 -0.156191 0.023725 0.0325 -0.152743 0.0238266 0.0325 -0.152684 0.0305751 0.0325 -0.147936 0.0363991 0.0325 -0.14209 0.0411222 0.0325 -0.135324 0.0446018 0.0325 -0.127842 0.0467325 0.0325 -0.11987 0.000176072 0.0325 -0.1591 -0.00804687 0.0325 -0.158413 -0.0160265 0.0325 -0.156312 -0.0235214 0.0325 -0.15286 -0.030305 0.0325 -0.148162 -0.0361722 0.0325 -0.14236 -0.0409454 0.0325 -0.135629 -0.0444804 0.0325 -0.128173 -0.04745 0.0325 -0.11165 -0.0474487 0.0325 -0.112002 -0.0467291 0.0325 -0.11989 -0.0466702 0.0325 -0.120217 -0.0467922 0.0325 -0.103777 -0.0447207 0.0325 -0.0957894 -0.0412968 0.0325 -0.0882817 -0.0412968 0.0395 -0.0882817 -0.04 0.0395 -0.0833568 -0.0395 0.04 -0.0833568 -0.0403296 0.0395 -0.0859032 -0.0398461 0.04 -0.0860305 -0.04 0.0395 -0.02715 -0.0374027 0.032 -0.02715 -0.0374027 0.032 -0.02665 -0.0374027 0.0325 -0.02665 0.0363922 0.032 -0.02665 0.0363922 0.0325 -0.02665 -0.0395 0.0325 -0.02665 0.0363922 0.032 -0.02715 0.0395 0.032 -0.0833568 -0.0403296 0.0325 -0.0859032 -0.04 0.0325 -0.0833568 -0.0395 0.032 -0.02715 -0.04 0.0325 -0.02715 -0.0395 0.032 -0.0833568 -0.00274758 -0.00757577 -0.02765 -0.0025 -0.00866048 -0.02765 -0.00300001 -0.00866048 -0.02715 -0.00319806 -0.00779271 -0.02715 -0.00326794 -0.00766048 -0.02715 -0.00344127 -0.0067059 -0.02765 -0.00375302 -0.00709681 -0.02715 -0.00375 -0.00649542 -0.02765 -0.00399999 -0.00692843 -0.02715 -0.00444369 -0.00622316 -0.02765 -0.00455496 -0.00671062 -0.02715 -0.0055563 -0.00622316 -0.02765 -0.005 -0.00666048 -0.02715 -0.00544505 -0.00671062 -0.02715 -0.00655873 -0.0067059 -0.02765 -0.006 -0.00692843 -0.02715 -0.00624698 -0.00709681 -0.02715 -0.00725243 -0.00757577 -0.02765 -0.007 -0.00866048 -0.02715 -0.00749999 -0.00866048 -0.02765 -0.00680193 -0.00779271 -0.02715 -0.00673205 -0.00766048 -0.02715 -0.00725243 -0.0097452 -0.02765 -0.00680193 -0.00952825 -0.02715 -0.00673205 -0.00966049 -0.02715 -0.00655873 -0.0106151 -0.02765 -0.00624698 -0.0102242 -0.02715 -0.006 -0.0103925 -0.02715 -0.0055563 -0.0110978 -0.02765 -0.00544505 -0.0106103 -0.02715 -0.00444369 -0.0110978 -0.02765 -0.005 -0.0106605 -0.02715 -0.00455496 -0.0106103 -0.02715 -0.00344127 -0.0106151 -0.02765 -0.00399999 -0.0103925 -0.02715 -0.00375302 -0.0102242 -0.02715 -0.00274758 -0.0097452 -0.02765 -0.00319806 -0.00952825 -0.02715 -0.00326794 -0.00966049 -0.02715 0.00752813 0.00037272 -0.02765 0.0075002 1.16301e-7 -0.02765 0.00704934 0.00238353 -0.02765 -0.00404927 -0.0128784 -0.02765 -0.0020605 -0.0103907 -0.02765 0.0081031 0.0107977 -0.02765 0.010086 0.00897345 -0.02765 0.0105247 0.00626969 -0.02765 0.0124692 -0.000392455 -0.02765 0.0135 -2.90847e-9 -0.02765 0.0134645 -0.00097886 -0.02765 0.0120467 -0.00143586 -0.02765 0.0133907 0.00171449 -0.02765 0.0123911 0.000730571 -0.02765 0.0132641 0.00251279 -0.02765 0.0116671 0.00679178 -0.02765 0.0127835 0.00433957 -0.02765 0.0105247 0.00406056 -0.02765 0.0105247 0.00250005 -0.02765 0.00393121 0.0122461 -0.02765 0.00491765 0.012397 -0.02765 0.0034641 0.00626969 -0.02765 0.00588451 0.01215 -0.02765 -3.60836e-10 0.00637901 -0.02765 0.000810504 0.00659618 -0.02765 -0.00206934 0.011004 -0.02765 -0.00162099 0.008 -0.02765 -0.0020605 0.00626969 -0.02765 -0.00140382 0.00718949 -0.02765 -0.000810504 0.00659618 -0.02765 0.00140382 0.00718949 -0.02765 0.00162099 0.008 -0.02765 0.00146048 0.00870332 -0.02765 0.00308236 0.0117214 -0.02765 0.00101067 0.00926734 -0.02765 0.00196843 0.0109534 -0.02765 0.000676527 0.0105512 -0.02765 0.000360712 0.00958036 -0.02765 -0.000676528 0.0105512 -0.02765 -0.000360713 0.00958036 -0.02765 -0.00196843 0.0109534 -0.02765 -0.00101067 0.00926734 -0.02765 -0.00146046 0.00870332 -0.02765 -0.00375021 0.00649531 -0.02765 -0.00315389 0.0069748 -0.02765 -0.00260347 0.00794926 -0.02765 -0.00253336 0.00906622 -0.02765 -0.00295763 0.0101019 -0.02765 -0.00308237 0.0117214 -0.02765 -0.00375021 0.0108254 -0.02765 -0.00681441 0.0103804 -0.02765 -0.00738309 0.00941653 -0.02765 -0.00827667 0.0106652 -0.02765 -0.00747424 0.00830108 -0.02765 -0.00706957 0.00725764 -0.02765 -0.0078751 0.00626969 -0.02765 -0.0062502 0.00649531 -0.02765 -0.00518031 0.00616687 -0.02765 -0.00588213 0.0109996 -0.02765 -0.00588451 0.01215 -0.02765 -0.00477311 0.01115 -0.02765 -0.00491765 0.012397 -0.02765 -0.00393121 0.0122461 -0.02765 -0.0103088 0.00871655 -0.02765 -0.0118926 0.00638875 -0.02765 -0.0078751 0.00250005 -0.02765 -0.00849758 0.00108471 -0.02765 -0.00919127 0.00195458 -0.02765 -0.0095 0.00216506 -0.02765 -0.0101937 0.00243732 -0.02765 -0.013264 0.00251314 -0.02765 -0.00825 -2.90847e-9 -0.02765 -0.0078751 -2.90847e-9 -0.02765 -0.00849758 -0.0010847 -0.02765 -0.00773871 -0.00259617 -0.02765 -0.00826754 -0.00308685 -0.02765 -0.00919127 -0.00195457 -0.02765 -0.00853109 -0.0037584 -0.02765 -0.0113063 -0.00243733 -0.02765 -0.0101937 -0.00243733 -0.02765 -0.0113063 0.00243732 -0.02765 -0.0123087 0.00195458 -0.02765 -0.0134619 0.00101284 -0.02765 -0.0130024 0.00108471 -0.02765 -0.0135 -2.90847e-9 -0.02765 -0.01325 -2.90847e-9 -0.02765 -0.0133793 -0.00180142 -0.02765 -0.0130024 -0.0010847 -0.02765 -0.0131703 -0.00238721 -0.02765 -0.0123087 -0.00195457 -0.02765 -0.0127417 -0.00283787 -0.02765 -0.0121671 -0.00307595 -0.02765 -0.0107183 -0.00361571 -0.02765 -0.00953771 -0.00461398 -0.02765 -0.00847718 -0.0044778 -0.02765 -0.00811648 -0.00510256 -0.02765 -0.00882851 -0.00961568 -0.02765 -0.0087474 -0.00899905 -0.02765 -0.0078751 -0.0103907 -0.02765 -0.00849038 -0.0075 -0.02765 -0.0078751 -0.00589074 -0.02765 -0.00849046 -0.00747448 -0.02765 -0.00876468 -0.00595291 -0.02765 -0.00629139 -0.0119444 -0.02765 -0.00824971 -0.0106861 -0.02765 -0.00865254 -0.0102122 -0.02765 0.00315452 -0.0131263 -0.02765 0.000751391 -0.0134791 -0.02765 -0.00167607 -0.0133956 -0.02765 0.00545554 -0.0123486 -0.02765 0.0034641 -0.0103907 -0.02765 0.00757995 -0.0111711 -0.02765 0.00827728 -0.0104573 -0.02765 0.0034641 -0.00589074 -0.02765 0.0061177 -0.00540383 -0.02765 0.00680706 -0.00561647 -0.02765 0.00863984 -0.00952758 -0.02765 0.00860988 -0.00853011 -0.02765 0.00850168 -0.00718139 -0.02765 0.0087993 -0.00586146 -0.02765 0.00752042 -0.00550895 -0.02765 0.00811648 -0.00510256 -0.02765 0.00909327 -0.00524999 -0.02765 0.00847718 -0.0044778 -0.02765 0.0131949 -0.00193969 -0.02765 0.0125711 -0.00271853 -0.02765 0.0112502 -0.00216495 -0.02765 0.0116922 -0.00319131 -0.02765 0.010187 -0.00249289 -0.02765 0.0104701 -0.00377196 -0.02765 0.00908685 -0.00232707 -0.02765 0.00692821 -0.002379 -0.02765 0.0061177 -0.00259617 -0.02765 0.0034641 -2.90847e-9 -0.02765 0.00552438 -0.00318951 -0.02765 0.0034641 -0.00406049 -0.02765 0.0053072 -0.004 -0.02765 0.00552438 -0.0048105 -0.02765 -0.00752042 -0.00550895 -0.02765 -0.00680706 -0.00561647 -0.02765 -0.0061177 -0.00540383 -0.02765 -0.0039037 -0.00589074 -0.02765 -0.00552438 -0.0048105 -0.02765 -0.0039037 -0.00406049 -0.02765 -0.0053072 -0.004 -0.02765 -0.0039037 -2.90847e-9 -0.02765 -0.00552438 -0.00318951 -0.02765 -0.0061177 -0.00259617 -0.02765 -0.00692821 -0.002379 -0.02765 -0.00407432 0.00633813 -0.02765 -0.0039037 0.00626969 -0.02765 -0.0039037 0.00250005 -0.02765 -0.00537922 0.0035222 -0.02765 -0.0039037 0.00406056 -0.02765 -0.0053253 0.0042416 -0.02765 -0.00558887 0.00491315 -0.02765 -0.0061177 0.00540383 -0.02765 -0.00692821 0.005621 -0.02765 -0.00773871 0.00540383 -0.02765 -0.00833203 0.00481049 -0.02765 -0.0129591 0.00378307 -0.02765 -0.0085492 0.00400001 -0.02765 -0.00833203 0.0031895 -0.02765 -0.00773871 0.00259617 -0.02765 -0.00704934 0.00238353 -0.02765 -0.00633599 0.00249105 -0.02765 -0.00573993 0.00289744 -0.02765 0.00847718 0.0044778 -0.02765 0.00811648 0.00510256 -0.02765 0.00752042 0.00550894 -0.02765 0.00680706 0.00561647 -0.02765 0.00853109 0.0037584 -0.02765 0.00826754 0.00308686 -0.02765 0.00773871 0.00259617 -0.02765 0.00633599 0.00249105 -0.02765 0.0118282 0.00170548 -0.02765 0.0108947 0.00233461 -0.02765 0.00977983 0.00249038 -0.02765 0.0087502 0.00216518 -0.02765 0.0079346 0.00140841 -0.02765 0.0061177 0.00540383 -0.02765 0.00558887 0.00491315 -0.02765 0.0034641 0.00406056 -0.02765 0.0053253 0.0042416 -0.02765 0.0034641 0.00250005 -0.02765 0.00537921 0.0035222 -0.02765 0.00573993 0.00289744 -0.02765 0.00761126 -0.000736776 -0.02765 0.00773871 -0.00259617 -0.02765 0.00816756 -0.00170031 -0.02765 0.00826754 -0.00308685 -0.02765 0.00853109 -0.0037584 -0.02765 0.00947583 -0.00468968 -0.02765 -0.0020605 -0.00589074 -0.02765 -0.0020605 0.00406056 -0.02765 -0.0020605 0.00250005 -0.02765 -0.0020605 -2.90847e-9 -0.02765 -0.0020605 -0.00406049 -0.02765 -0.000810504 -0.00940383 -0.02765 -3.60836e-10 -0.009621 -0.02765 0.000810504 -0.00940383 -0.02765 0.00140382 -0.00881049 -0.02765 0.00162099 -0.008 -0.02765 0.00146048 -0.00729667 -0.02765 -0.00101067 -0.00673265 -0.02765 -0.00146046 -0.00729667 -0.02765 -0.00162099 -0.008 -0.02765 -0.00140382 -0.00881049 -0.02765 0.00101067 -0.00673265 -0.02765 0.000360712 -0.00641965 -0.02765 -0.000360713 -0.00641965 -0.02765 -0.00692821 -0.004 -0.00671412 -0.00773871 -0.00259617 -0.00765 -0.00704935 -0.00238353 -0.00765 -0.00692821 -0.002379 -0.00765 -0.00633599 -0.00249106 -0.00765 -0.0061177 -0.00259617 -0.00765 -0.00573993 -0.00289744 -0.00765 -0.00552438 -0.00318951 -0.00765 -0.00537922 -0.00352221 -0.00765 -0.0053072 -0.004 -0.00765 -0.0053253 -0.0042416 -0.00765 -0.00558887 -0.00491314 -0.00765 -0.0061177 -0.00540383 -0.00765 -0.00552438 -0.0048105 -0.00765 -0.00681143 -0.00561679 -0.00765 -0.00812535 -0.00509292 -0.00765 -0.00848225 -0.00446108 -0.00765 -0.00752854 -0.00550573 -0.00765 -0.00825261 -0.00306534 -0.00765 -0.0085277 -0.00373684 -0.00765 -0.00692821 0.00400001 -0.00671412 -0.0061177 0.00540383 -0.00765 -0.00558887 0.00491315 -0.00765 -0.00537922 0.0035222 -0.00765 -0.00573993 0.00289744 -0.00765 -0.0053253 0.0042416 -0.00765 -0.00704934 0.00238353 -0.00765 -0.00773871 0.00259617 -0.00765 -0.00633599 0.00249105 -0.00765 -0.00833203 0.0031895 -0.00765 -0.0085291 0.00374546 -0.00765 -0.0085492 0.00400001 -0.00765 -0.00847846 0.00447362 -0.00765 -0.00833203 0.00481049 -0.00765 -0.0081135 0.00510576 -0.00765 -0.00773871 0.00540383 -0.00765 -0.00750822 0.00551368 -0.00765 -0.00825512 0.00306891 -0.00765 -0.00678532 0.0056147 -0.00765 -0.00692821 0.005621 -0.00765 -3.60836e-10 0.008 -0.00671412 0.00162099 0.008 -0.00765 0.00146048 0.00729668 -0.00765 0.00140382 0.00718949 -0.00765 0.00101067 0.00673265 -0.00765 0.000810504 0.00659618 -0.00765 0.000360712 0.00641964 -0.00765 -3.60836e-10 0.00637901 -0.00765 -0.000360713 0.00641964 -0.00765 -0.000810504 0.00659618 -0.00765 -0.00101067 0.00673265 -0.00765 -0.00146046 0.00729668 -0.00765 -0.00162099 0.008 -0.00765 -0.00140382 0.00718949 -0.00765 -0.00140382 0.0088105 -0.00765 -0.00101067 0.00926734 -0.00765 -0.000810504 0.00940382 -0.00765 -0.000360713 0.00958036 -0.00765 -3.60836e-10 0.00962101 -0.00765 0.000360712 0.00958036 -0.00765 0.000810504 0.00940382 -0.00765 0.00140382 0.0088105 -0.00765 0.00101067 0.00926734 -0.00765 0.00692821 0.00400001 -0.00671412 0.00574289 0.00289425 -0.00765 0.00537793 0.00352637 -0.00765 0.00634819 0.00248632 -0.00765 0.00707109 0.00238532 -0.00765 0.00773871 0.00259617 -0.00765 0.00560129 0.00493109 -0.00765 0.0061177 0.00540383 -0.00765 0.00532731 0.00425453 -0.00765 0.00680706 0.00561647 -0.00765 0.00811648 0.00510256 -0.00765 0.00847718 0.0044778 -0.00765 0.00752042 0.00550894 -0.00765 0.00826754 0.00308686 -0.00765 0.00853109 0.0037584 -0.00765 -3.60836e-10 -0.008 -0.00671412 0.00162099 -0.008 -0.00765 0.00146048 -0.00870332 -0.00765 0.00140382 -0.00881049 -0.00765 0.00101067 -0.00926735 -0.00765 0.000810504 -0.00940383 -0.00765 0.000360712 -0.00958036 -0.00765 -3.60836e-10 -0.009621 -0.00765 -0.000360713 -0.00958036 -0.00765 -0.000810504 -0.00940383 -0.00765 -0.00101067 -0.00926735 -0.00765 -0.00146046 -0.00870332 -0.00765 -0.00162099 -0.008 -0.00765 -0.00140382 -0.00881049 -0.00765 -0.00146046 -0.00729667 -0.00765 -0.000360713 -0.00641965 -0.00765 0.000360712 -0.00641965 -0.00765 -0.00101067 -0.00673265 -0.00765 0.00146048 -0.00729667 -0.00765 0.00101067 -0.00673265 -0.00765 0.00692821 -0.004 -0.00671412 0.0061177 -0.00540383 -0.00765 0.00558887 -0.00491314 -0.00765 0.00552438 -0.0048105 -0.00765 0.0053253 -0.0042416 -0.00765 0.0053072 -0.004 -0.00765 0.00537921 -0.00352221 -0.00765 0.00552438 -0.00318951 -0.00765 0.00573993 -0.00289744 -0.00765 0.0061177 -0.00259617 -0.00765 0.00633599 -0.00249106 -0.00765 0.00704934 -0.00238353 -0.00765 0.00773871 -0.00259617 -0.00765 0.00692821 -0.002379 -0.00765 0.00827 -0.00309047 -0.00765 0.00847328 -0.00449029 -0.00765 0.00810453 -0.00511529 -0.00765 0.00853238 -0.00376703 -0.00765 0.00678097 -0.0056143 -0.00765 0.00750005 -0.00551679 -0.00765 -0.00165159 0.0199317 -0.005 -3.60836e-10 0.0171 -0.005 -0.00105 0.0168187 -0.005 -0.00490971 0.019388 -0.005 -0.00181866 0.01605 -0.005 -0.0080339 0.0183155 -0.005 -0.00210001 0.015 -0.005 -0.00375849 0.0127153 -0.005 -0.00494222 0.0128964 -0.005 0.00200671 0.014381 -0.005 0.00207655 0.015313 -0.005 0.00375849 0.0127153 -0.005 -0.00181866 0.01395 -0.005 -0.00178038 0.0138863 -0.005 -0.00273988 0.0120857 -0.005 -0.00105 0.0131813 -0.005 -0.00147358 0.0112813 -0.005 -0.000156939 0.0129059 -0.005 -3.60836e-10 0.011 -0.005 -0.010939 0.0167433 -0.005 -0.0135456 0.0147145 -0.005 -0.00610246 0.0126 -0.005 0.00105 0.0168187 -0.005 0.00165158 0.0199317 -0.005 0.00173511 0.016183 -0.005 0.00490971 0.019388 -0.005 -0.0119404 -0.00931865 -0.005 -0.010939 -0.0167433 -0.005 -0.0129904 -0.0096 -0.005 -0.0135456 -0.0147145 -0.005 -0.0140404 -0.00931865 -0.005 -0.0157828 -0.0122843 -0.005 -0.014809 -0.00855001 -0.005 -0.0175895 -0.00951895 -0.005 -0.0150904 -0.0075 -0.005 -0.0189163 -0.00649399 -0.005 -0.014809 -0.00645 -0.005 -0.0197272 -0.00329189 -0.005 -0.0140404 -0.00568135 -0.005 -0.02 -2.90847e-9 -0.005 -0.0197272 0.00329189 -0.005 0.00494222 0.0128964 -0.005 0.00610246 0.0126 -0.005 -0.00833438 0.0112489 -0.005 -0.0102769 0.00950716 -0.005 -0.0157828 0.0122843 -0.005 -0.0118624 0.00743524 -0.005 -0.0137569 0.00259766 -0.005 -0.013036 0.00510509 -0.005 -0.0189163 0.00649398 -0.005 -0.0175895 0.00951895 -0.005 -0.0129904 -0.0054 -0.005 -0.0138748 -0.00186815 -0.005 -0.014 -2.90847e-9 -0.005 0.00147358 0.0112813 -0.005 0.000767216 0.0130452 -0.005 0.00273988 0.0120857 -0.005 0.00153941 0.0135716 -0.005 0.00178038 0.0138863 -0.005 0.010939 -0.0167433 -0.005 0.0080339 -0.0183155 -0.005 0.0122232 -0.00945483 -0.005 -0.0135962 -0.00264919 -0.005 -0.0130247 -0.00325008 -0.005 -0.0129161 -0.00540132 -0.005 -0.0122586 -0.0035675 -0.005 -0.0119404 -0.00568135 -0.005 0.011451 -0.00892836 -0.005 0.00913255 -0.00961262 -0.005 0.0145298 -0.00607163 -0.005 0.0197272 -0.00329189 -0.005 0.0149971 -0.00688102 -0.005 0.0189163 -0.00649399 -0.005 0.0150669 -0.00781299 -0.005 0.0175895 -0.00951895 -0.005 0.0129161 -0.00540132 -0.005 0.0189163 0.00649398 -0.005 0.0137576 -0.00554517 -0.005 0.0197272 0.00329189 -0.005 0.02 -2.90847e-9 -0.005 0.0118365 -0.00367005 -0.005 0.012891 -0.00310272 -0.005 0.0128334 -0.00540588 -0.005 0.0135456 -0.0147145 -0.005 0.0131473 -0.00959413 -0.005 0.0157828 -0.0122843 -0.005 0.0140404 -0.00931865 -0.005 0.0147255 -0.00868297 -0.005 0.0136397 -0.00216809 -0.005 0.0139631 -0.00101511 -0.005 0.014 -2.90847e-9 -0.005 0.0137569 0.00259766 -0.005 0.013036 0.00510509 -0.005 0.0175895 0.00951895 -0.005 0.0118624 0.00743524 -0.005 0.0157828 0.0122843 -0.005 0.0102769 0.00950716 -0.005 -0.00855526 -0.0110819 -0.005 -0.00490971 -0.019388 -0.005 -0.0080339 -0.0183155 -0.005 0.0080339 0.0183155 -0.005 0.01 0.0173205 -0.005 0.00833438 0.0112489 -0.005 0.010939 0.0167433 -0.005 0.0135456 0.0147145 -0.005 -0.0109659 -0.00405017 -0.005 -0.00991409 -0.00494336 -0.005 -0.0111717 -0.00645 -0.005 -0.00922839 -0.0061408 -0.005 -0.0108904 -0.0075 -0.005 -0.00899038 -0.0075 -0.005 -0.0111357 -0.00848502 -0.005 -0.00921884 -0.00883249 -0.005 -0.0111717 -0.00855001 -0.005 -0.00932699 -0.00965466 -0.005 -0.00909235 -0.01045 -0.005 0.00248301 -0.013778 -0.005 0.00528683 -0.0129634 -0.005 0.00786069 -0.0115849 -0.005 0.00869748 -0.0107283 -0.005 0.0105067 -0.00436451 -0.005 0.0119404 -0.00568135 -0.005 0.00952628 -0.00550001 -0.005 0.0112553 -0.00631702 -0.005 0.00903313 -0.00691681 -0.005 0.0109138 -0.00718701 -0.005 0.00909659 -0.00841566 -0.005 0.0109837 -0.00811899 -0.005 0.0111357 -0.00848502 -0.005 -0.00607063 -0.0126154 -0.005 -0.00332196 -0.0136002 -0.005 -0.00165159 -0.0199317 -0.005 -0.000428796 -0.0139934 -0.005 0.00165158 -0.0199317 -0.005 0.00490971 -0.019388 -0.005 -0.00901794 -0.001 -0.02415 -0.00974999 -0.00173205 -0.02415 -0.00875001 -2.90847e-9 -0.02415 -0.01075 -0.00200001 -0.02415 -0.012482 0.000999999 -0.02415 -0.01175 0.00173205 -0.02415 -0.01275 -2.90847e-9 -0.02415 -0.01075 0.002 -0.02415 -0.012482 -0.001 -0.02415 -0.01175 -0.00173205 -0.02415 -0.00974999 0.00173205 -0.02415 -0.00901794 0.000999999 -0.02415 -0.00573088 0.0105221 -0.02315 -0.00485075 0.0106548 -0.02315 -0.0050002 0.00666037 -0.02315 -0.00665267 0.00753373 -0.02315 -0.00697786 0.00836229 -0.02315 -0.00691134 0.00924988 -0.02315 -0.00600019 0.00692832 -0.02315 -0.0064663 0.0100207 -0.02315 -0.00326815 0.00966038 -0.02315 -0.0030002 0.00866037 -0.02315 -0.00326815 0.00766037 -0.02315 -0.0040002 0.0103924 -0.02315 -0.0040002 0.00692832 -0.02315 0.0090002 0.00173217 -0.02315 0.00985074 0.00199452 -0.02315 0.0116527 -0.00112653 -0.02315 0.00834772 0.00112675 -0.02315 0.0110002 -0.00173194 -0.02315 0.0101497 -0.0019943 -0.02315 0.0119113 0.000589621 -0.02315 0.0119779 -0.000297967 -0.02315 0.0114663 0.00136046 -0.02315 0.0107309 0.00186187 -0.02315 0.00808905 -0.000589389 -0.02315 0.00802253 0.000298199 -0.02315 0.00853409 -0.00136023 -0.02315 0.00926952 -0.00186163 -0.02315 -0.0205 -2.90847e-9 -0.0045 -0.0202204 0.00337419 -0.0045 -0.0193893 0.00665635 -0.0045 -0.0180292 0.00975692 -0.0045 -0.0161774 0.0125914 -0.0045 -0.0138843 0.0150823 -0.0045 -0.0112124 0.0171619 -0.0045 -0.00823475 0.0187734 -0.0045 -0.00503245 0.0198727 -0.0045 -0.00169288 0.02043 -0.0045 0.00169288 0.02043 -0.0045 0.00503245 0.0198727 -0.0045 0.00823475 0.0187734 -0.0045 0.01025 0.0177535 -0.0045 0.0112124 0.0171619 -0.0045 0.0138843 0.0150823 -0.0045 0.0161774 0.0125914 -0.0045 0.0180292 0.00975692 -0.0045 0.0193893 0.00665635 -0.0045 0.0202204 0.00337419 -0.0045 0.0205 -2.90847e-9 -0.0045 0.0202204 -0.00337419 -0.0045 0.0193893 -0.00665634 -0.0045 0.0180292 -0.00975693 -0.0045 0.0161774 -0.0125914 -0.0045 0.0138843 -0.0150823 -0.0045 0.0112124 -0.0171619 -0.0045 0.00823475 -0.0187734 -0.0045 0.00503245 -0.0198727 -0.0045 0.00169288 -0.02043 -0.0045 -0.00169288 -0.02043 -0.0045 -0.00503245 -0.0198727 -0.0045 -0.00823475 -0.0187734 -0.0045 -0.0112124 -0.0171619 -0.0045 -0.0138843 -0.0150823 -0.0045 -0.0161774 -0.0125914 -0.0045 -0.0180292 -0.00975693 -0.0045 -0.0193893 -0.00665634 -0.0045 -0.0202204 -0.00337419 -0.0045 -0.00105 0.0131813 -7.589e-11 -0.000156939 0.0129059 -7.589e-11 0.000767216 0.0130452 -7.589e-11 0.00153941 0.0135716 -7.589e-11 0.00200671 0.014381 -7.589e-11 0.00105 0.0168187 -7.589e-11 0.00173511 0.016183 -7.589e-11 0.00207655 0.015313 -7.589e-11 0.0119404 -0.00568135 -7.589e-11 0.0112553 -0.00631702 -7.589e-11 0.0109138 -0.00718701 -7.589e-11 0.0109837 -0.00811899 -7.589e-11 0.011451 -0.00892836 -7.589e-11 0.0140404 -0.00931865 -7.589e-11 0.0131473 -0.00959413 -7.589e-11 0.0122232 -0.00945483 -7.589e-11 0.0100884 0.0082097 -7.589e-11 0.00984086 0.007125 -7.589e-11 0.0103409 0.007125 -0.0005 0.0105389 0.00799277 -0.0005 0.0106088 0.008125 -0.0005 0.0107821 0.00907957 -7.589e-11 0.0110939 0.00868866 -0.0005 0.0113409 0.00885705 -0.0005 0.0117846 0.00956233 -7.589e-11 0.0118958 0.00907485 -0.0005 0.0123409 0.00912501 -0.0005 0.0128972 0.00956233 -7.589e-11 0.0127859 0.00907485 -0.0005 0.0135909 0.00929007 -7.589e-11 0.0133409 0.00885705 -0.0005 0.0138996 0.00907957 -7.589e-11 0.0135878 0.00868866 -0.0005 0.0145933 0.0082097 -7.589e-11 0.0143409 0.007125 -0.0005 0.0148409 0.007125 -7.589e-11 0.0141428 0.00799277 -0.0005 0.0140729 0.008125 -0.0005 0.0145933 0.00604029 -7.589e-11 0.0141428 0.00625723 -0.0005 0.0140729 0.006125 -0.0005 0.0138996 0.00517042 -7.589e-11 0.0135878 0.00556133 -0.0005 0.0133409 0.00539295 -0.0005 0.0128972 0.00468768 -7.589e-11 0.0127859 0.00517514 -0.0005 0.0117846 0.00468768 -7.589e-11 0.0123409 0.005125 -0.0005 0.0118958 0.00517514 -0.0005 0.0107821 0.00517042 -7.589e-11 0.0113409 0.00539295 -0.0005 0.0110939 0.00556133 -0.0005 0.0100884 0.00604029 -7.589e-11 0.0105389 0.00625723 -0.0005 0.0106088 0.006125 -0.0005 -0.00204258 -0.0156915 -7.589e-11 -0.00125 -0.0164151 -7.589e-11 -0.001 -0.0159821 -0.0005 -0.00163406 -0.0154032 -0.0005 -0.00173205 -0.01525 -0.0005 -0.00246684 -0.0146559 -7.589e-11 -0.00197347 -0.0145747 -0.0005 -0.002 -0.01425 -0.0005 -0.00239673 -0.0135389 -7.589e-11 -0.00191738 -0.0136811 -0.0005 -0.00184631 -0.0125644 -7.589e-11 -0.00173205 -0.01325 -0.0005 -0.00147705 -0.0129015 -0.0005 -0.000925869 -0.0119278 -7.589e-11 -0.001 -0.0125179 -0.0005 -0.000740692 -0.0123922 -0.0005 0.00018011 -0.0117565 -7.589e-11 0.001 -0.0125179 -0.0005 0.00125 -0.0120849 -7.589e-11 0.000144094 -0.0122552 -0.0005 -3.60836e-10 -0.01225 -0.0005 -0.000149459 -0.0162444 -0.0005 -0.000186831 -0.016743 -7.589e-11 0.000730678 -0.0161118 -0.0005 0.000913351 -0.0165772 -7.589e-11 0.001 -0.0159821 -0.0005 0.00125 -0.0164151 -7.589e-11 0.00146611 -0.0156103 -0.0005 0.00183263 -0.0159504 -7.589e-11 0.00191115 -0.0148395 -0.0005 0.00238894 -0.0149869 -7.589e-11 0.00197767 -0.0139519 -0.0005 0.00247207 -0.0138774 -7.589e-11 0.00165248 -0.0131234 -0.0005 0.0020656 -0.0128417 -7.589e-11 -0.0113409 0.00539295 -0.0005 -0.0110909 0.00495994 -7.589e-11 -0.0106884 0.00599836 -0.0005 -0.0102753 0.00571669 -7.589e-11 -0.0103632 0.00682692 -0.0005 -0.00986879 0.0067524 -7.589e-11 -0.0104297 0.00771451 -0.0005 -0.00995193 0.00786189 -7.589e-11 -0.0108748 0.00848534 -0.0005 -0.0105082 0.00882543 -7.589e-11 -0.0116102 0.00898675 -0.0005 -0.0114275 0.00945219 -7.589e-11 -0.0124903 0.0091194 -0.0005 -0.0125277 0.00961801 -7.589e-11 -0.0133409 0.00885705 -0.0005 -0.0135909 0.00929007 -7.589e-11 -0.012154 0.00463199 -7.589e-11 -0.0121914 0.00513059 -0.0005 -0.0123409 0.005125 -0.0005 -0.0132542 0.00479781 -7.589e-11 -0.0130715 0.00526325 -0.0005 -0.0133409 0.00539295 -0.0005 -0.0141735 0.00542457 -7.589e-11 -0.013807 0.00576466 -0.0005 -0.0147298 0.00638811 -7.589e-11 -0.0140729 0.006125 -0.0005 -0.014252 0.00653548 -0.0005 -0.0148409 0.007125 -7.589e-11 -0.0143409 0.007125 -0.0005 -0.0148129 0.00749761 -7.589e-11 -0.0143185 0.00742309 -0.0005 -0.0144065 0.0085333 -7.589e-11 -0.0139933 0.00825163 -0.0005 -0.0140729 0.008125 -0.0005 0.0103409 0.007125 -0.004 0.0106088 0.008125 -0.004 0.0113409 0.00885705 -0.004 0.0123409 0.00912501 -0.004 0.0133409 0.00885705 -0.004 0.0140729 0.008125 -0.004 0.0143409 0.007125 -0.004 0.0140729 0.006125 -0.004 0.0133409 0.00539295 -0.004 0.0123409 0.005125 -0.004 0.0113409 0.00539295 -0.004 0.0106088 0.006125 -0.004 -0.001 -0.0159821 -0.004 -0.00173205 -0.01525 -0.004 -0.002 -0.01425 -0.004 -0.00173205 -0.01325 -0.004 -0.001 -0.0125179 -0.004 -3.60836e-10 -0.01225 -0.004 0.001 -0.0125179 -0.004 0.00165248 -0.0131234 -0.004 0.00197767 -0.0139519 -0.004 0.00191115 -0.0148395 -0.004 0.00146611 -0.0156103 -0.004 0.000730678 -0.0161118 -0.004 -0.000149459 -0.0162444 -0.004 -0.0133409 0.00885705 -0.004 -0.0124903 0.0091194 -0.004 -0.0116102 0.00898675 -0.004 -0.0108748 0.00848534 -0.004 -0.0104297 0.00771451 -0.004 -0.0103632 0.00682692 -0.004 -0.0106884 0.00599836 -0.004 -0.0113409 0.00539295 -0.004 -0.0123409 0.005125 -0.004 -0.0133409 0.00539295 -0.004 -0.0140729 0.006125 -0.004 -0.0143409 0.007125 -0.004 -0.0140729 0.008125 -0.004 0.0205 -2.90847e-9 -0.0005 0.0202204 0.00337419 -0.0005 0.0193893 0.00665635 -0.0005 0.0180292 0.00975692 -0.0005 0.0161774 0.0125914 -0.0005 0.0138843 0.0150823 -0.0005 0.0112124 0.0171619 -0.0005 0.01025 0.0177535 -0.0005 0.00823475 0.0187734 -0.0005 0.00503245 0.0198727 -0.0005 0.00169288 0.02043 -0.0005 -0.00169288 0.02043 -0.0005 -0.00503245 0.0198727 -0.0005 -0.00823475 0.0187734 -0.0005 -0.0112124 0.0171619 -0.0005 -0.0138843 0.0150823 -0.0005 -0.0161774 0.0125914 -0.0005 -0.0180292 0.00975692 -0.0005 -0.0193893 0.00665635 -0.0005 -0.0202204 0.00337419 -0.0045 -0.0202204 0.00337419 -0.0005 -0.0205 -2.90847e-9 -0.0005 -0.0202204 -0.00337419 -0.0045 -0.0202204 -0.00337419 -0.0005 -0.0193893 -0.00665634 -0.0005 -0.0180292 -0.00975693 -0.0005 -0.0161774 -0.0125914 -0.0005 -0.0138843 -0.0150823 -0.0005 -0.0112124 -0.0171619 -0.0005 -0.00823475 -0.0187734 -0.0005 -0.00503245 -0.0198727 -0.0005 -0.00169288 -0.02043 -0.0005 0.00169288 -0.02043 -0.0005 0.00503245 -0.0198727 -0.0005 0.00823475 -0.0187734 -0.0005 0.0112124 -0.0171619 -0.0005 0.0138843 -0.0150823 -0.0005 0.0161774 -0.0125914 -0.0005 0.0180292 -0.00975693 -0.0005 0.0193893 -0.00665634 -0.0005 0.0202204 -0.00337419 -0.0005 0.02 -2.90847e-9 -7.589e-11 0.0197272 0.00329189 -7.589e-11 0.0189163 0.00649398 -7.589e-11 0.0175895 0.00951895 -7.589e-11 0.0157828 0.0122843 -7.589e-11 0.0135456 0.0147145 -7.589e-11 0.010939 0.0167433 -7.589e-11 0.01 0.0173205 -7.589e-11 0.0080339 0.0183155 -7.589e-11 0.00490971 0.019388 -7.589e-11 0.00165158 0.0199317 -7.589e-11 -0.00165159 0.0199317 -7.589e-11 -0.00490971 0.019388 -7.589e-11 -0.0080339 0.0183155 -7.589e-11 -0.010939 0.0167433 -7.589e-11 -0.0135456 0.0147145 -7.589e-11 -0.0157828 0.0122843 -7.589e-11 -0.0175895 0.00951895 -7.589e-11 -0.0189163 0.00649398 -7.589e-11 -0.0202204 0.00337419 -0.0005 -0.0197272 0.00329189 -7.589e-11 -0.02 -2.90847e-9 -7.589e-11 -0.0202204 -0.00337419 -0.0005 -0.0197272 -0.00329189 -7.589e-11 -0.0189163 -0.00649399 -7.589e-11 -0.0175895 -0.00951895 -7.589e-11 -0.0157828 -0.0122843 -7.589e-11 -0.0135456 -0.0147145 -7.589e-11 -0.010939 -0.0167433 -7.589e-11 -0.0080339 -0.0183155 -7.589e-11 -0.00490971 -0.019388 -7.589e-11 -0.00165159 -0.0199317 -7.589e-11 0.00165158 -0.0199317 -7.589e-11 0.00490971 -0.019388 -7.589e-11 0.0080339 -0.0183155 -7.589e-11 0.010939 -0.0167433 -7.589e-11 0.0135456 -0.0147145 -7.589e-11 0.0157828 -0.0122843 -7.589e-11 0.0175895 -0.00951895 -7.589e-11 0.0189163 -0.00649399 -7.589e-11 0.0197272 -0.00329189 -7.589e-11 0.0149656 -0.000387493 -7.589e-11 0.0145298 -0.00607163 -7.589e-11 0.0149971 -0.00688102 -7.589e-11 0.0149656 0.0112625 -7.589e-11 0.0150669 -0.00781299 -7.589e-11 0.00617044 -0.010675 -7.589e-11 0.0149656 -0.010675 -7.589e-11 -0.00229999 -0.018375 -7.589e-11 0.00229999 -0.018375 -7.589e-11 0.00617044 -0.018375 -7.589e-11 -0.0103656 -0.010675 -7.589e-11 -0.0119404 -0.00931865 -7.589e-11 -0.0129904 -0.0096 -7.589e-11 -0.0140404 -0.00931865 -7.589e-11 -0.014809 -0.00855001 -7.589e-11 -0.0150904 -0.0075 -7.589e-11 -0.014809 -0.00645 -7.589e-11 -0.0140404 -0.00568135 -7.589e-11 -0.0129904 -0.0054 -7.589e-11 -0.0103656 -0.000387493 -7.589e-11 -0.0119404 -0.00568135 -7.589e-11 -0.0111717 -0.00645 -7.589e-11 -0.0108904 -0.0075 -7.589e-11 -0.0111717 -0.00855001 -7.589e-11 -0.0103656 0.0112625 -7.589e-11 -0.00617044 0.0112625 -7.589e-11 -0.00229999 0.0112625 -7.589e-11 -0.00181866 0.01395 -7.589e-11 -0.00210001 0.015 -7.589e-11 -0.00181866 0.01605 -7.589e-11 0.00229999 0.0112625 -7.589e-11 -0.00105 0.0168187 -7.589e-11 -3.60836e-10 0.0171 -7.589e-11 0.00617044 0.0112625 -7.589e-11 0.0147255 -0.00868297 -7.589e-11 0.0128334 -0.00540588 -7.589e-11 0.0137576 -0.00554517 -7.589e-11 0.00617044 -0.000387493 -7.589e-11 -0.00229999 -0.010675 -7.589e-11 0.00229999 -0.010675 -7.589e-11 -0.00617044 -0.010675 -7.589e-11 -0.00617044 -0.018375 -7.589e-11 -0.00617044 -0.000387493 -7.589e-11 -0.00229999 -0.000387493 -7.589e-11 0.00229999 -0.000387493 -7.589e-11 0.0090002 0.00173217 -0.02715 0.00834772 0.00112675 -0.02715 0.00802253 0.000298199 -0.02715 0.0080002 1.16301e-7 -0.02715 0.0110002 -0.00173194 -0.02715 0.0101497 -0.0019943 -0.02715 0.00926952 -0.00186163 -0.02715 0.00853409 -0.00136023 -0.02715 0.00808905 -0.000589389 -0.02715 0.0116374 -0.00114867 -0.02715 0.0119754 -0.000313941 -0.02715 0.0119129 0.00058448 -0.02715 0.0114626 0.00136441 -0.02715 0.0107158 0.00186771 -0.02715 0.0098239 0.00199233 -0.02715 -0.00600019 0.00692832 -0.02715 -0.00514428 0.00666557 -0.02715 -0.0050002 0.00666037 -0.02715 -0.0042595 0.00680259 -0.02715 -0.0040002 0.00692832 -0.02715 -0.00352316 0.00731191 -0.02715 -0.00326815 0.00766037 -0.02715 -0.0030002 0.00866037 -0.02715 -0.00308281 0.00809148 -0.02715 -0.0040002 0.0103924 -0.02715 -0.00336614 0.00981356 -0.02715 -0.00326815 0.00966038 -0.02715 -0.00302672 0.00898505 -0.02715 -0.00481853 0.0106521 -0.02715 -0.00570574 0.0105318 -0.02715 -0.00645156 0.0100364 -0.02715 -0.00690652 0.0092653 -0.02715 -0.00697944 0.00837294 -0.02715 -0.00665571 0.00753818 -0.02715 -0.01275 -2.90847e-9 -0.02715 -0.0125519 -0.000867772 -0.02715 -0.012482 -0.001 -0.02715 -0.011997 -0.00156366 -0.02715 -0.01175 -0.00173205 -0.02715 -0.011195 -0.00194985 -0.02715 -0.01075 -0.00200001 -0.02715 -0.00974999 -0.00173205 -0.02715 -0.010305 -0.00194985 -0.02715 -0.00875001 -2.90847e-9 -0.02715 -0.00894806 -0.000867772 -0.02715 -0.00901794 -0.001 -0.02715 -0.00950302 -0.00156366 -0.02715 -0.00894806 0.000867766 -0.02715 -0.00901794 0.000999999 -0.02715 -0.00950302 0.00156367 -0.02715 -0.00974999 0.00173205 -0.02715 -0.010305 0.00194986 -0.02715 -0.01075 0.002 -0.02715 -0.01175 0.00173205 -0.02715 -0.011195 0.00194986 -0.02715 -0.0125519 0.000867766 -0.02715 -0.012482 0.000999999 -0.02715 -0.011997 0.00156367 -0.02715 0.0139631 -0.00101511 -0.02715 0.014 -2.90847e-9 -0.02715 0.0138866 0.001778 -0.02715 0.0137569 0.00259766 -0.02715 0.013257 0.0045003 -0.02715 0.013036 0.00510509 -0.02715 0.0120992 0.00704333 -0.02715 0.0118624 0.00743524 -0.02715 0.0104596 0.0093058 -0.02715 0.00840323 0.0111976 -0.02715 0.00610246 0.0126 -0.02715 0.00494222 0.0128964 -0.02715 0.00375849 0.0127153 -0.02715 0.00273988 0.0120857 -0.02715 0.00174971 0.011403 -0.02715 0.00147358 0.0112813 -0.02715 0.000601366 0.0110455 -0.02715 -3.60836e-10 0.011 -0.02715 -0.000601367 0.0110455 -0.02715 -0.00273988 0.0120857 -0.02715 -0.00174971 0.011403 -0.02715 -0.00147358 0.0112813 -0.02715 -0.00375849 0.0127153 -0.02715 -0.00494222 0.0128964 -0.02715 -0.00610246 0.0126 -0.02715 -0.0085832 0.0110602 -0.02715 -0.0102769 0.00950716 -0.02715 -0.0106906 0.00903938 -0.02715 -0.0118624 0.00743524 -0.02715 -0.0123331 0.00662537 -0.02715 -0.013036 0.00510509 -0.02715 -0.0134391 0.00392319 -0.02715 -0.014 -2.90847e-9 -0.02715 -0.0139605 0.00105037 -0.02715 -0.0137569 0.00259766 -0.02715 -0.0138748 -0.00186815 -0.02715 -0.0135962 -0.00264919 -0.02715 -0.0130247 -0.00325008 -0.02715 -0.0122586 -0.0035675 -0.02715 -0.00899038 -0.0075 -0.02715 -0.00921884 -0.00883249 -0.02715 -0.0109708 -0.00404729 -0.02715 -0.00992134 -0.00493464 -0.02715 -0.0092342 -0.00612481 -0.02715 -0.00899045 -0.00747732 -0.02715 -0.00932699 -0.00965466 -0.02715 -0.00909235 -0.01045 -0.02715 -0.00855526 -0.0110819 -0.02715 -0.0065244 -0.0123868 -0.02715 -0.00607063 -0.0126154 -0.02715 -0.00419924 -0.0133554 -0.02715 -0.00332196 -0.0136002 -0.02715 -0.00173815 -0.0138917 -0.02715 -0.000428796 -0.0139934 -0.02715 0.000779211 -0.0139783 -0.02715 0.00248301 -0.013778 -0.02715 0.00327134 -0.0136124 -0.02715 0.00786069 -0.0115849 -0.02715 0.00565758 -0.0128059 -0.02715 0.00528683 -0.0129634 -0.02715 0.00869748 -0.0107283 -0.02715 0.00913255 -0.00961262 -0.02715 0.00909659 -0.00841566 -0.02715 0.00952628 -0.00550001 -0.02715 0.00986633 -0.00500194 -0.02715 0.0118365 -0.00367005 -0.02715 0.0107501 -0.0041862 -0.02715 0.0105067 -0.00436451 -0.02715 0.00900042 -0.00721678 -0.02715 0.00903313 -0.00691681 -0.02715 0.00926498 -0.00604353 -0.02715 0.012891 -0.00310272 -0.02715 0.0136397 -0.00216809 -0.02715 -0.007 -0.00866048 -0.02315 -0.00673205 -0.00966049 -0.02315 -0.006 -0.0103925 -0.02315 -0.005 -0.0106605 -0.02315 -0.00399999 -0.0103925 -0.02315 -0.00326794 -0.00966049 -0.02315 -0.00300001 -0.00866048 -0.02315 -0.00326794 -0.00766048 -0.02315 -0.00399999 -0.00692843 -0.02315 -0.005 -0.00666048 -0.02315 -0.006 -0.00692843 -0.02315 -0.00673205 -0.00766048 -0.02315 0.0100168 -0.0173495 -0.02665 0.009625 -0.0174545 -0.02665 0.019882 -0.032 -0.02665 0.00506712 0.0189309 -0.02665 0.00144651 0.0201547 -0.02665 -0.0203842 -0.0316322 -0.02665 -0.019882 -0.032 -0.02665 -0.022 0.0315 -0.02665 -0.0395 0.0315 -0.02665 -0.0395 -0.0315 -0.02665 -0.00998834 0.02817 -0.02665 -0.00947368 0.0284649 -0.02665 -0.0205 0.032 -0.02665 0.01 0.0281597 -0.02665 0.0205 0.032 -0.02665 0.00998834 0.02817 -0.02665 0.00947368 0.0284649 -0.02665 0.00561324 0.0295871 -0.02665 0.00569518 0.0295077 -0.02665 0.00590163 0.0294138 -0.02665 0.00923325 -0.0159925 -0.02665 0.0103997 0.0165542 -0.02665 0.00894646 -0.0162792 -0.02665 0.0102724 0.0162296 -0.02665 0.0088415 -0.016671 -0.02665 -0.00650325 0.032 -0.02665 -0.009 0.0286182 -0.02665 -0.00590164 0.0294138 -0.02665 0.0055 0.029904 -0.02665 0.00555144 0.0296831 -0.02665 0.00923325 -0.0173495 -0.02665 0.00894646 -0.0170627 -0.02665 -0.00984171 0.0193613 -0.02665 -0.00999585 0.0222874 -0.02665 -0.0212049 0.0316298 -0.02665 -0.01 0.0224452 -0.02665 -0.01 0.0281597 -0.02665 0.0055 0.032 -0.02665 0.009 0.0286182 -0.02665 0.0100168 0.0159925 -0.02665 0.00978467 0.0159039 -0.02665 0.00837617 0.0170187 -0.02665 -0.0055 0.032 -0.02665 -0.0055 0.029904 -0.02665 -0.00555144 0.0296831 -0.02665 -0.00569518 0.0295077 -0.02665 0.021 -0.0315 -0.02665 0.0395 -0.0315 -0.02665 0.0103035 -0.0170627 -0.02665 -0.0023441 0.0206421 -0.02665 -0.00615653 0.0203742 -0.02665 -0.021 -0.0315 -0.02665 0.0101994 0.0172039 -0.02665 0.0103737 0.0169019 -0.02665 0.0395 0.0315 -0.02665 0.0203842 -0.0316322 -0.02665 0.009625 -0.0158875 -0.02665 0.0100168 -0.0159925 -0.02665 0.0103035 -0.0162792 -0.02665 0.0104085 -0.016671 -0.02665 0.0088415 0.0166737 -0.02665 0.00894713 0.0170639 -0.02665 0.00987057 0.02194 -0.02665 0.00923325 0.0173495 -0.02665 0.01 0.0228117 -0.02665 0.00956646 0.0174523 -0.02665 0.00991124 0.0174003 -0.02665 0.0212049 0.0316298 -0.02665 0.022 0.0315 -0.02665 -0.00650325 0.032 -0.03665 0.0205 0.032 -0.03665 -0.0203842 -0.0316322 -0.03665 -0.019882 -0.032 -0.03665 -0.021 -0.0315 -0.03665 -0.0395 -0.0315 -0.03665 -0.0395 0.0315 -0.03665 -0.022 0.0315 -0.03665 -0.0212049 0.0316298 -0.03665 -0.0205 0.032 -0.03665 0.0395 0.0315 -0.03665 0.0395 -0.0315 -0.03665 0.022 0.0315 -0.03665 0.021 -0.0315 -0.03665 0.0212049 0.0316298 -0.03665 0.0203842 -0.0316322 -0.03665 0.019882 -0.032 -0.03665 0.00978467 0.0159039 -0.02765 0.0088415 0.0166737 -0.02765 -0.00984171 0.0193613 -0.02765 -0.005 0.020536 -0.03465 -0.005 0.020536 -0.02815 -0.0052501 0.020507 -0.0278999 -0.0055 0.0204748 -0.02765 -0.00615653 0.0203742 -0.02765 0.00837617 0.0170187 -0.02765 0.0055 0.0187286 -0.02765 0.00525045 0.0188468 -0.0278995 0.00499999 0.0189611 -0.02815 -0.0023441 0.0206421 -0.03465 0.00144651 0.0201547 -0.03465 0.00499999 0.0189611 -0.03465 0.032 0.026621 -0.03165 0.032 0.0264038 -0.0308395 0.032 0.0258105 -0.0302462 0.032 0.023379 -0.03165 0.032 0.0235962 -0.0324605 0.032 0.0241895 -0.0330538 0.032 0.0235962 -0.0308395 0.032 0.0241895 -0.0302462 0.032 0.025 -0.030029 0.032 0.0264038 -0.0324605 0.032 0.0258105 -0.0330538 0.032 0.025 -0.033271 0.032 -0.023379 -0.03165 0.032 -0.0235962 -0.0308395 0.032 -0.0241895 -0.0302462 0.032 -0.026621 -0.03165 0.032 -0.0264038 -0.0324605 0.032 -0.0241895 -0.0330538 0.032 -0.0235962 -0.0324605 0.032 -0.025 -0.033271 0.032 -0.0258105 -0.0330538 0.032 -0.0264038 -0.0308395 0.032 -0.0258105 -0.0302462 0.032 -0.025 -0.030029 -0.023701 -0.028 -0.0311746 -0.02425 -0.028 -0.0306256 -0.0265 -0.028 -0.0319246 -0.0235 -0.028 -0.0319246 -0.026299 -0.028 -0.0326746 -0.02575 -0.028 -0.0332236 -0.025 -0.028 -0.0304246 -0.02575 -0.028 -0.0306256 -0.026299 -0.028 -0.0311746 -0.025 -0.028 -0.0334246 -0.02425 -0.028 -0.0332236 -0.023701 -0.028 -0.0326746 0.026299 -0.028 -0.0311746 0.02575 -0.028 -0.0306256 0.0235 -0.028 -0.0319246 0.0265 -0.028 -0.0319246 0.023701 -0.028 -0.0326746 0.02425 -0.028 -0.0332236 0.025 -0.028 -0.0304246 0.02425 -0.028 -0.0306256 0.023701 -0.028 -0.0311746 0.025 -0.028 -0.0334246 0.02575 -0.028 -0.0332236 0.026299 -0.028 -0.0326746 -0.032 0.0235962 -0.0308395 -0.032 0.0241895 -0.0302462 -0.032 0.025 -0.030029 -0.032 0.0264038 -0.0324605 -0.032 0.0258105 -0.0330538 -0.032 0.025 -0.033271 -0.032 0.026621 -0.03165 -0.032 0.0264038 -0.0308395 -0.032 0.0258105 -0.0302462 -0.032 0.023379 -0.03165 -0.032 0.0235962 -0.0324605 -0.032 0.0241895 -0.0330538 -0.032 -0.023379 -0.03165 -0.032 -0.0235962 -0.0324605 -0.032 -0.0241895 -0.0330538 -0.032 -0.026621 -0.03165 -0.032 -0.0264038 -0.0308395 -0.032 -0.0241895 -0.0302462 -0.032 -0.0235962 -0.0308395 -0.032 -0.025 -0.030029 -0.032 -0.0258105 -0.0302462 -0.032 -0.0264038 -0.0324605 -0.032 -0.0258105 -0.0330538 -0.032 -0.025 -0.033271 -0.025 0.028 -0.0319246 -0.0235 0.028 -0.0319246 -0.023701 0.028 -0.0326746 -0.026299 0.028 -0.0326746 -0.0265 0.028 -0.0319246 -0.02575 0.028 -0.0332236 -0.025 0.028 -0.0334246 -0.02425 0.028 -0.0332236 -0.0253338 0.028 -0.0304622 -0.0246662 0.028 -0.0304622 -0.0240648 0.028 -0.0307518 -0.0236485 0.028 -0.0312738 -0.0263515 0.028 -0.0312738 -0.0259352 0.028 -0.0307518 0.0246662 0.028 -0.0304622 0.0253338 0.028 -0.0304622 0.025 0.028 -0.0319246 0.0259352 0.028 -0.0307518 0.0263515 0.028 -0.0312738 0.0265 0.028 -0.0319246 0.0235 0.028 -0.0319246 0.0236485 0.028 -0.0312738 0.0240648 0.028 -0.0307518 0.026299 0.028 -0.0326746 0.023701 0.028 -0.0326746 0.02425 0.028 -0.0332236 0.025 0.028 -0.0334246 0.02575 0.028 -0.0332236 0.04 0.023379 -0.03165 0.04 0.0235962 -0.0308395 0.04 0.0241895 -0.0302462 0.04 0.025 -0.030029 0.04 0.0258105 -0.0302462 0.04 0.0264038 -0.0308395 0.04 0.026621 -0.03165 0.04 0.0264038 -0.0324605 0.04 0.0258105 -0.0330538 0.04 0.025 -0.033271 0.04 0.0241895 -0.0330538 0.04 0.0235962 -0.0324605 0.04 -0.026621 -0.03165 0.04 -0.0264038 -0.0308395 0.04 -0.0258105 -0.0302462 0.04 -0.025 -0.030029 0.04 -0.0241895 -0.0302462 0.04 -0.0235962 -0.0308395 0.04 -0.023379 -0.03165 0.04 -0.0235962 -0.0324605 0.04 -0.0241895 -0.0330538 0.04 -0.025 -0.033271 0.04 -0.0258105 -0.0330538 0.04 -0.0264038 -0.0324605 -0.03 -0.00906411 -0.03165 -0.0308105 -0.00999999 -0.0330538 -0.03 -0.00999999 -0.033271 -0.0314038 -0.00999999 -0.0324605 -0.031621 -0.00999999 -0.03165 -0.0285962 -0.00999999 -0.0324605 -0.028379 -0.00999999 -0.03165 -0.0291895 -0.00999999 -0.0330538 -0.0285395 -0.00999999 -0.0309467 -0.0296393 -0.00999999 -0.0300696 -0.0303607 -0.00999999 -0.0300696 -0.0289893 -0.00999999 -0.0303826 -0.0314605 -0.00999999 -0.0309467 -0.0310107 -0.00999999 -0.0303826 -0.0235 -0.0315 -0.0319246 -0.0236485 -0.0315 -0.0325754 -0.023701 -0.0315 -0.0326746 -0.0240648 -0.0315 -0.0330973 -0.02425 -0.0315 -0.0332236 -0.0246662 -0.0315 -0.033387 -0.025 -0.0315 -0.0334246 -0.0253338 -0.0315 -0.033387 -0.02575 -0.0315 -0.0332236 -0.0259352 -0.0315 -0.0330973 -0.026299 -0.0315 -0.0326746 -0.0263515 -0.0315 -0.0325754 -0.0265 -0.0315 -0.0319246 -0.026299 -0.0315 -0.0311746 -0.02575 -0.0315 -0.0306256 -0.025 -0.0315 -0.0304246 -0.02425 -0.0315 -0.0306256 -0.023701 -0.0315 -0.0311746 0.03 -0.00906411 -0.03165 0.0291895 -0.00999999 -0.0330538 0.03 -0.00999999 -0.033271 0.0285962 -0.00999999 -0.0324605 0.028379 -0.00999999 -0.03165 0.0314038 -0.00999999 -0.0324605 0.031621 -0.00999999 -0.03165 0.0308105 -0.00999999 -0.0330538 0.0314605 -0.00999999 -0.0309467 0.0303607 -0.00999999 -0.0300696 0.0296393 -0.00999999 -0.0300696 0.0310107 -0.00999999 -0.0303826 0.0285395 -0.00999999 -0.0309467 0.0289893 -0.00999999 -0.0303826 0.0265 -0.0315 -0.0319246 0.0263515 -0.0315 -0.0325754 0.026299 -0.0315 -0.0326746 0.0259352 -0.0315 -0.0330973 0.02575 -0.0315 -0.0332236 0.0253338 -0.0315 -0.033387 0.025 -0.0315 -0.0334246 0.0246662 -0.0315 -0.033387 0.02425 -0.0315 -0.0332236 0.0240648 -0.0315 -0.0330973 0.023701 -0.0315 -0.0326746 0.0236485 -0.0315 -0.0325754 0.0235 -0.0315 -0.0319246 0.023701 -0.0315 -0.0311746 0.02425 -0.0315 -0.0306256 0.025 -0.0315 -0.0304246 0.02575 -0.0315 -0.0306256 0.026299 -0.0315 -0.0311746 0.04 -0.0315 -0.03615 0.0395 -0.032 -0.03615 -0.04 -0.0315 -0.03615 -0.0395 -0.032 -0.03615 -0.04 0.023379 -0.03165 -0.04 0.0235962 -0.0324605 -0.04 0.0241895 -0.0330538 -0.04 0.025 -0.033271 -0.04 0.0258105 -0.0330538 -0.04 0.0264038 -0.0324605 -0.04 0.026621 -0.03165 -0.04 0.0264038 -0.0308395 -0.04 0.0258105 -0.0302462 -0.04 0.025 -0.030029 -0.04 0.0241895 -0.0302462 -0.04 0.0235962 -0.0308395 -0.04 -0.026621 -0.03165 -0.04 -0.0264038 -0.0324605 -0.04 -0.0258105 -0.0330538 -0.04 -0.025 -0.033271 -0.04 -0.0241895 -0.0330538 -0.04 -0.0235962 -0.0324605 -0.04 -0.023379 -0.03165 -0.04 -0.0235962 -0.0308395 -0.04 -0.0241895 -0.0302462 -0.04 -0.025 -0.030029 -0.04 -0.0258105 -0.0302462 -0.04 -0.0264038 -0.0308395 -0.03 0.0110641 -0.03165 -0.0308105 0.012 -0.0302462 -0.03 0.012 -0.030029 -0.0314038 0.012 -0.0308395 -0.031621 0.012 -0.03165 -0.0285962 0.012 -0.0308395 -0.028379 0.012 -0.03165 -0.0291895 0.012 -0.0302462 -0.0285395 0.012 -0.0323533 -0.0296393 0.012 -0.0332304 -0.0303607 0.012 -0.0332304 -0.0289893 0.012 -0.0329173 -0.0314605 0.012 -0.0323533 -0.0310107 0.012 -0.0329173 0.03 0.0110641 -0.03165 0.031621 0.012 -0.03165 0.0314605 0.012 -0.0323533 0.0303607 0.012 -0.0332304 0.0296393 0.012 -0.0332304 0.0310107 0.012 -0.0329173 0.0285395 0.012 -0.0323533 0.028379 0.012 -0.03165 0.0289893 0.012 -0.0329173 0.0291895 0.012 -0.0302462 0.03 0.012 -0.030029 0.0285962 0.012 -0.0308395 0.0314038 0.012 -0.0308395 0.0308105 0.012 -0.0302462 0.0101283 0.028 -0.0296532 0.00999349 0.028 -0.02915 0.0104968 0.028 -0.0300217 0.011 0.028 -0.02915 0.011 0.028 -0.0301565 0.0120065 0.028 -0.02915 0.0118717 0.028 -0.0296532 0.0115032 0.028 -0.0300217 0.0118717 0.028 -0.0286468 0.0115032 0.028 -0.0282783 0.011 0.028 -0.0281435 0.0101283 0.028 -0.0286468 0.0104968 0.028 -0.0282783 -0.0265 0.0315 -0.0319246 -0.026299 0.0315 -0.0326746 -0.02575 0.0315 -0.0332236 -0.025 0.0315 -0.0334246 -0.02425 0.0315 -0.0332236 -0.023701 0.0315 -0.0326746 -0.0235 0.0315 -0.0319246 -0.0236485 0.0315 -0.0312738 -0.0240648 0.0315 -0.0307518 -0.0246662 0.0315 -0.0304622 -0.0253338 0.0315 -0.0304622 -0.0259352 0.0315 -0.0307518 -0.0263515 0.0315 -0.0312738 0.0265 0.0315 -0.0319246 0.0263515 0.0315 -0.0312738 0.0259352 0.0315 -0.0307518 0.0253338 0.0315 -0.0304622 0.0246662 0.0315 -0.0304622 0.0240648 0.0315 -0.0307518 0.0236485 0.0315 -0.0312738 0.0235 0.0315 -0.0319246 0.023701 0.0315 -0.0326746 0.02425 0.0315 -0.0332236 0.025 0.0315 -0.0334246 0.02575 0.0315 -0.0332236 0.026299 0.0315 -0.0326746 0.0395 0.032 -0.03615 0.04 0.0315 -0.03615 -0.04 0.0315 -0.03615 -0.0395 0.032 -0.03615 -0.005 0.029904 -0.02815 -0.00502606 0.0296772 -0.0281239 -0.00510289 0.0294622 -0.0280471 -0.00539036 0.0291113 -0.0277596 -0.0055 0.029038 -0.02765 0.0088415 -0.016671 -0.02765 0.00885409 -0.0168109 -0.02765 0.0101316 -0.0160733 -0.02765 0.00894646 -0.0170627 -0.02765 0.0103035 -0.0162792 -0.02765 0.009625 -0.0174545 -0.02765 0.0100168 -0.0173495 -0.02765 0.0103035 -0.0170627 -0.02765 0.00923325 -0.0173495 -0.02765 0.0104085 -0.016671 -0.02765 0.00923325 -0.0159925 -0.02765 0.00894646 -0.0162792 -0.02765 0.009625 -0.0158875 -0.02765 0.0100168 -0.0159925 -0.02765 0.00894713 0.0170639 -0.02765 0.0100168 0.0159925 -0.02765 0.00923325 0.0173495 -0.02765 0.0103997 0.0165542 -0.02765 0.0103737 0.0169019 -0.02765 0.0101994 0.0172039 -0.02765 0.0101316 0.0160733 -0.02765 0.0102724 0.0162296 -0.02765 0.00956646 0.0174523 -0.02765 0.00991124 0.0174003 -0.02765 0.04 0.0315 -0.02715 0.04 -0.0315 -0.02715 -0.028379 -0.032 -0.03165 -0.0285962 -0.032 -0.0324605 -0.0291895 -0.032 -0.0330538 -0.03 -0.032 -0.033271 -0.0308105 -0.032 -0.0330538 -0.0314038 -0.032 -0.0324605 -0.031621 -0.032 -0.03165 -0.0314605 -0.032 -0.0309467 -0.0310107 -0.032 -0.0303826 -0.0303607 -0.032 -0.0300696 -0.0296393 -0.032 -0.0300696 -0.0289893 -0.032 -0.0303826 -0.0285395 -0.032 -0.0309467 -0.0231981 -0.032 -0.0327924 -0.023 -0.032 -0.0319246 -0.023753 -0.032 -0.0334882 -0.024555 -0.032 -0.0338744 -0.025445 -0.032 -0.0338744 -0.026247 -0.032 -0.0334882 -0.0268019 -0.032 -0.0327924 -0.027 -0.032 -0.0319246 -0.023268 -0.032 -0.0309246 -0.024 -0.032 -0.0301925 -0.025 -0.032 -0.0299246 -0.026 -0.032 -0.0301925 -0.0267321 -0.032 -0.0309246 0.031621 -0.032 -0.03165 0.0314038 -0.032 -0.0324605 0.0308105 -0.032 -0.0330538 0.03 -0.032 -0.033271 0.0291895 -0.032 -0.0330538 0.0285962 -0.032 -0.0324605 0.028379 -0.032 -0.03165 0.0285395 -0.032 -0.0309467 0.0289893 -0.032 -0.0303826 0.0296393 -0.032 -0.0300696 0.0303607 -0.032 -0.0300696 0.0310107 -0.032 -0.0303826 0.0314605 -0.032 -0.0309467 0.0268019 -0.032 -0.0327924 0.027 -0.032 -0.0319246 0.026247 -0.032 -0.0334882 0.025445 -0.032 -0.0338744 0.024555 -0.032 -0.0338744 0.023753 -0.032 -0.0334882 0.0231981 -0.032 -0.0327924 0.023 -0.032 -0.0319246 0.0267321 -0.032 -0.0309246 0.026 -0.032 -0.0301925 0.025 -0.032 -0.0299246 0.024 -0.032 -0.0301925 0.023268 -0.032 -0.0309246 -0.0205524 -0.032 -0.0362456 -0.021 -0.032 -0.03615 0.0205524 -0.032 -0.0362456 0.021 -0.032 -0.03615 -0.04 -0.0315 -0.02715 -0.04 0.0315 -0.02715 -0.028379 0.032 -0.03165 -0.0285962 0.032 -0.0308395 -0.0291895 0.032 -0.0302462 -0.03 0.032 -0.030029 -0.0308105 0.032 -0.0302462 -0.0314038 0.032 -0.0308395 -0.031621 0.032 -0.03165 -0.0314605 0.032 -0.0323533 -0.0310107 0.032 -0.0329173 -0.0303607 0.032 -0.0332304 -0.0296393 0.032 -0.0332304 -0.0289893 0.032 -0.0329173 -0.0285395 0.032 -0.0323533 0.028379 0.032 -0.03165 0.0285395 0.032 -0.0323533 0.0289893 0.032 -0.0329173 0.0296393 0.032 -0.0332304 0.0303607 0.032 -0.0332304 0.0310107 0.032 -0.0329173 0.0314605 0.032 -0.0323533 0.031621 0.032 -0.03165 0.0314038 0.032 -0.0308395 0.0308105 0.032 -0.0302462 0.03 0.032 -0.030029 0.0291895 0.032 -0.0302462 0.0285962 0.032 -0.0308395 0.00999349 0.032 -0.02915 0.0101283 0.032 -0.0296532 0.0104968 0.032 -0.0300217 0.011 0.032 -0.0301565 0.0115032 0.032 -0.0300217 0.0118717 0.032 -0.0296532 0.0120065 0.032 -0.02915 0.0118717 0.032 -0.0286468 0.0115032 0.032 -0.0282783 0.011 0.032 -0.0281435 0.0104968 0.032 -0.0282783 0.0101283 0.032 -0.0286468 -0.023 0.032 -0.0319246 -0.023268 0.032 -0.0329246 -0.024 0.032 -0.0336566 -0.025 0.032 -0.0339246 -0.026 0.032 -0.0336566 -0.0267321 0.032 -0.0329246 -0.027 0.032 -0.0319246 -0.0268019 0.032 -0.0310568 -0.026247 0.032 -0.0303609 -0.025445 0.032 -0.0299747 -0.024555 0.032 -0.0299747 -0.023753 0.032 -0.0303609 -0.0231981 0.032 -0.0310568 0.023 0.032 -0.0319246 0.0231981 0.032 -0.0310568 0.023753 0.032 -0.0303609 0.024555 0.032 -0.0299747 0.025445 0.032 -0.0299747 0.026247 0.032 -0.0303609 0.0268019 0.032 -0.0310568 0.027 0.032 -0.0319246 0.0267321 0.032 -0.0329246 0.026 0.032 -0.0336566 0.025 0.032 -0.0339246 0.024 0.032 -0.0336566 0.023268 0.032 -0.0329246 0.0395 0.032 -0.0335978 0.022 0.032 -0.03615 0.0213333 0.032 -0.0362582 -0.0213333 0.032 -0.0362582 -0.022 0.032 -0.03615 -0.0395 0.032 -0.0335978 0.00499999 0.032 -0.03465 -0.005 0.032 -0.03465 -0.005 0.032 -0.02715 -0.005 0.029904 -0.02715 -0.005 0.032 -0.0335978 -0.00510289 0.0294622 -0.02715 -0.00539036 0.0291113 -0.02715 -0.00580327 0.0289236 -0.02715 -0.00580327 0.0289236 -0.02765 -0.00931579 0.0279905 -0.02715 -0.00931579 0.0279905 -0.02765 -0.01 0.0270416 -0.02715 -0.01 0.0270416 -0.02765 -0.0099145 0.0274462 -0.02765 -0.00992469 0.0274223 -0.02715 -0.00967266 0.0277816 -0.02765 -0.00965889 0.0277939 -0.02715 -0.01 0.0224452 -0.02765 -0.00999585 0.0222874 -0.02765 0.00499999 0.032 -0.0335978 0.00499999 0.029904 -0.02715 0.00499999 0.032 -0.02715 0.00499999 0.029904 -0.02815 0.00510289 0.0294622 -0.02715 0.00555144 0.0296831 -0.02665 0.00522646 0.0292703 -0.02715 0.00569518 0.0295077 -0.02665 0.00539036 0.0291113 -0.02715 0.00580327 0.0289236 -0.02715 0.0213333 0.032 -0.0270418 0.022 0.032 -0.02715 0.021 -0.032 -0.02715 0.0205524 -0.032 -0.0270544 -0.021 -0.032 -0.02715 -0.0205674 -0.0320014 -0.0270617 -0.0199299 -0.032 -0.0266854 -0.022 0.032 -0.02715 -0.0213333 0.032 -0.0270418 -0.00650325 0.032 -0.0335978 -0.00569518 0.0295077 -0.02665 -0.00555144 0.0296831 -0.02665 -0.00998834 0.02817 -0.02665 -0.01 0.028119 -0.0266801 -0.01 0.0274789 -0.0270585 0.00931579 0.0279905 -0.02715 0.00987057 0.02194 -0.02765 0.00580327 0.0289236 -0.02765 0.0055 0.029038 -0.02765 0.00539334 0.0291091 -0.0277567 0.00525162 0.0292407 -0.0278984 0.00510535 0.0294573 -0.0280447 0.00505841 0.0295672 -0.0280916 0.00505842 0.0295672 -0.0280916 0.01 0.0228117 -0.02765 0.01 0.02748 -0.0270585 0.00965889 0.0277939 -0.02715 0.00992469 0.0274223 -0.02715 0.01 0.0270416 -0.02715 0.00931579 0.0279905 -0.02765 0.01 0.0270416 -0.02765 0.0099145 0.0274462 -0.02765 0.00967266 0.0277816 -0.02765</float_array>
                    <technique_common>
                        <accessor count="2101" source="#shape0-lib-positions-array" stride="3">
                            <param name="X" type="float"/>
                            <param name="Y" type="float"/>
                            <param name="Z" type="float"/>
                        </accessor>
                    </technique_common>
                </source>
                <source id="shape0-lib-normals" name="normal">
                    <float_array id="shape0-lib-normals-array" count="12504">0 -1 0 0 -1 0 0 -1 0 0 -1 0 0 -1 0 0 -1 0 0 -1 0 0 -1 0 0 -1 0 0 -1 0 0 -1 0 0 -1 0 0 -1 0 0 -1 0 0 -1 0 0 -1 0 0 -1 0 0 -1 0 0 -1 0 0 -1 0 0 -1 0 0 -1 0 0 -1 0 0 -1 0 0 -1 0 0 -1 0 0 -1 0 0 -1 0 0 -1 0 0 -1 0 0 -1 0 0 -1 0 0 -1 0 0 -1 0 0 -1 0 0 -1 0 0 -1 0 0 -1 0 0 -1 0 0 -1 0 0 -1 0 0 -1 0 0 -1 0 0 -1 0 0 -1 0 0 -1 0 0 -1 0 0 -1 0 0 -1 0 0 -1 0 0 -1 0 0 -1 0 0 -1 0 0 -1 0 0.996195 0 0.0871559 0.996195 0 0.0871559 0.965926 0 0.258819 0.965926 0 0.258819 0.906308 0 0.422619 0.906308 0 0.422619 0.852559 0 0.522631 0.819004 0.0190179 0.573473 0.803764 0 0.594948 0.707107 0 0.707106 0.707107 0 0.707106 0.573576 0 0.819152 0.573576 0 0.819152 0.422618 0 0.906308 0.422618 0 0.906308 0.25882 0 0.965926 0.25882 0 0.965926 0.0871558 0 0.996195 0.0871558 0 0.996195 -0.0871558 0 0.996195 -0.0871558 0 0.996195 -0.25882 0 0.965926 -0.25882 0 0.965926 -0.422618 0 0.906308 -0.422618 0 0.906308 -0.573576 0 0.819152 -0.573576 0 0.819152 -0.707107 0 0.707106 -0.707107 0 0.707106 -0.803764 0 0.594948 -0.819004 0.0190179 0.573473 -0.852559 0 0.522631 -0.906308 0 0.422619 -0.906308 0 0.422619 -0.965926 0 0.258819 -0.965926 0 0.258819 -0.996195 0 0.0871559 -0.996195 0 0.0871559 -0.996195 0 -0.0871558 -0.996195 0 -0.0871558 -0.965926 0 -0.25882 -0.965926 0 -0.25882 -0.906308 0 -0.422619 -0.906308 0 -0.422619 -0.819152 0 -0.573576 -0.819152 0 -0.573576 -0.707107 0 -0.707107 -0.707107 0 -0.707107 -0.573576 0 -0.819152 -0.573576 0 -0.819152 -0.422619 0 -0.906308 -0.422619 0 -0.906308 -0.25882 0 -0.965926 -0.25882 0 -0.965926 -0.0871558 0 -0.996195 -0.0871558 0 -0.996195 0.0871558 0 -0.996195 0.0871558 0 -0.996195 0.25882 0 -0.965926 0.25882 0 -0.965926 0.422619 0 -0.906308 0.422619 0 -0.906308 0.573576 0 -0.819152 0.573576 0 -0.819152 0.707107 0 -0.707107 0.707107 0 -0.707107 0.819152 0 -0.573576 0.819152 0 -0.573576 0.906308 0 -0.422619 0.906308 0 -0.422619 0.965926 0 -0.25882 0.965926 0 -0.25882 0.996195 0 -0.0871558 0.996195 0 -0.0871558 0 1 0 0 1 0 0 1 0 0 1 0 0 1 0 0 1 0 0 1 0 0 1 0 0 1 0 0 1 0 0 1 0 0 1 0 0 1 0 0 1 0 0 1 0 0 1 0 0 1 0 0 1 0 0 1 0 0 1 0 0 1 0 0 1 0 0 1 0 0 1 0 0 1 0 0 1 0 0 1 0 0 1 0 0 1 0 0 1 0 0 1 0 0 1 0 0 1 0 0 1 0 0.57734 -0.577357 0.577353 0.705791 -0.705812 0.0607225 0.705791 -0.705813 0.0607225 0.685048 -0.705812 0.180383 0.68505 -0.705811 0.180383 0.644173 -0.70581 0.294744 0.644177 -0.705805 0.294745 -0.644576 -0.705767 0.293964 -0.644569 -0.705775 0.29396 -0.685749 -0.705775 0.177849 -0.685757 -0.705767 0.177852 -0.705875 -0.705878 0.0589705 -0.705866 -0.705887 0.0589709 -0.707094 -0.707115 -0.00263085 -0.707095 -0.707114 -0.00263305 -0.705402 -0.70588 -0.0643528 -0.68598 -0.724711 -0.0650056 -0.695926 -0.707109 -0.125239 -0.68304 -0.705768 -0.18801 -0.683044 -0.705764 -0.188011 -0.640145 -0.705764 -0.3035 -0.64014 -0.705769 -0.303498 -0.577883 -0.705768 -0.409808 -0.577881 -0.70577 -0.409807 -0.498147 -0.705771 -0.503723 -0.498147 -0.70577 -0.503724 -0.40335 -0.705769 -0.582408 -0.403345 -0.705776 -0.582403 -0.29635 -0.705775 -0.643473 -0.296352 -0.705772 -0.643476 -0.180393 -0.705772 -0.685087 -0.180395 -0.705766 -0.685093 -0.0589805 -0.705765 -0.705987 -0.0589803 -0.705766 -0.705986 0.0642181 -0.705767 -0.705528 0.064218 -0.705765 -0.705529 0.185474 -0.705764 -0.683737 0.185472 -0.705775 -0.683727 0.300308 -0.705814 -0.641593 0.300313 -0.705806 -0.6416 0.354284 -0.70711 -0.611946 0.354307 -0.707107 -0.611936 0.407663 -0.705765 -0.579403 0.40766 -0.70577 -0.579398 0.501873 -0.705769 -0.500014 0.501872 -0.705771 -0.500012 0.580905 -0.705771 -0.405507 0.580907 -0.705769 -0.405508 0.642374 -0.70577 -0.298738 0.642375 -0.705769 -0.298738 0.684417 -0.705767 -0.182936 0.684406 -0.705779 -0.182932 0.705749 -0.705779 -0.0615982 0.705753 -0.705774 -0.0615991 0.707096 -0.707117 0 0.707096 -0.707117 0 0.704117 -0.704138 0.0916989 0.704125 -0.70413 0.0917029 0.657499 -0.7042 0.26795 0.657498 -0.704201 0.267949 0.909334 0 0.416067 0.909334 0 0.416067 0.967037 0 0.254637 0.967037 0 0.254637 0.996319 0 0.0857179 0.996319 0 0.0857179 0.261803 -0.00412999 -0.965113 0.418886 0.00415523 -0.908029 0.423925 -0.00215656 -0.905695 0.498365 0 -0.866967 0.501066 0 -0.865409 0.572279 0.00141446 -0.820058 0.575429 -0.00298684 -0.817846 0.705088 0.00300491 -0.709113 0.708416 -0.00240418 -0.705792 0.817879 0.00241874 -0.575385 0.819978 -0.00181347 -0.572392 0.905637 0.00182565 -0.424051 0.906742 -0.00121702 -0.421684 0.965679 0.001224 -0.259735 0.966086 -0.000612103 -0.258221 0.996167 0.000615686 -0.0874721 0.996213 0 -0.0869518 0.0906456 -0.00468946 -0.995872 0.171129 -9.44497e-5 -0.985249 0.25668 0.00186213 -0.966495 -0.0832524 -0.0052424 -0.996515 -0.00286911 -0.000118999 -0.999996 0.0846362 0.0020822 -0.99641 -0.25463 -0.00578881 -0.967021 -0.176779 -0.000147132 -0.984251 -0.0899895 0.00229869 -0.99594 -0.418309 -0.00632635 -0.908283 -0.345289 -0.000175912 -0.938496 -0.261871 0.00251391 -0.9651 -0.569333 -0.00685816 -0.822078 -0.503279 -0.000209933 -0.864124 -0.425767 0.00272436 -0.904829 -0.703141 -0.00738112 -0.711012 -0.645934 -0.000246599 -0.763394 -0.576678 0.00293245 -0.816966 -0.815683 -0.00789733 -0.578445 -0.768884 -0.000285814 -0.639389 -0.710004 0.00313769 -0.704191 -0.903557 -0.00840705 -0.428386 -0.868382 -0.000327757 -0.495897 -0.821679 0.00333974 -0.569941 -0.999993 0 -0.00372374 -0.996641 0.00392835 -0.0817999 -0.995848 -0.00569047 -0.0908498 -0.98573 0 -0.168334 -0.98419 0 -0.177115 -0.967216 0.00373459 -0.253928 -0.964104 -0.00890868 -0.265374 -0.941409 -0.000373972 -0.337266 -0.908297 0.00353857 -0.418312 -0.999984 0 0.00571057 -0.996511 -0.00598486 0.0832525 -0.995812 0.00260278 0.0913876 -0.984006 -0.00033159 0.178134 -0.967924 -0.0103675 0.251031 -0.965112 0.00129368 0.261834 -0.938511 -0.000173723 0.345249 -0.909794 -0.0108382 0.414919 -0.905463 0 0.424425 -0.657737 -0.704166 0.267455 -0.65774 -0.704163 0.267455 -0.704163 -0.704163 0.0911509 -0.704153 -0.704173 0.0911535 0.707099 0 0.707115 0.707099 0 0.707115 0 -0.707109 0.707104 0 -0.707109 0.707104 1 0 0 0 -1 0 0 -1 0 0 -1 0 0 -1 0 0 -1 0 0 -1 0 0 -1 0 0 -1 0 0 -1 0 0 -1 0 0 -1 0 0 -1 0 0 -1 0 0 -1 0 0 -1 0 0 -1 0 0 -1 0 0 -1 0 0 -1 0 0 -1 0 0 -1 0 0 -1 0 0 -1 0 0 -1 0 0 -1 0 0 -1 0 0 -1 0 0 -1 0 0 -1 0 0 -1 0 0 -1 0 0 -1 0 0 -1 0 0 -1 0 0 -1 0 -1 0 0 0 -0.707109 0.707104 0 -0.707109 0.707104 0.577346 0.577346 0.577359 1 0 0 1 0 0 0.644187 0.705794 0.294749 0.644191 0.70579 0.294751 0.685069 0.70579 0.18039 0.685058 0.705802 0.180386 0.705801 0.705803 0.0607233 0.705802 0.705802 0.0607235 0.926053 0 0.377393 0.926346 -0.00028325 0.376674 0.991725 0.000283365 0.12838 0.991626 0 0.129142 -0.57734 -0.577357 0.577353 -0.707096 -0.707117 0 -0.707096 -0.707117 0 0.705748 0.705748 -0.0619707 -0.641207 0.706059 0.300558 -0.641208 0.706058 0.300559 0.705753 0.705742 -0.0619706 0.684154 0.705742 -0.184014 0.684158 0.705738 -0.184015 0.64162 0.705738 -0.300429 0.641619 0.705739 -0.300429 0.579446 0.705739 -0.407646 0.579442 0.705744 -0.407643 0.499535 0.705743 -0.502386 0.499531 0.705747 -0.502383 0.405406 0.705807 -0.580933 0.40541 0.705799 -0.580939 0.352412 0.707099 -0.613039 0.352402 0.707097 -0.613047 0.296772 0.705738 -0.64332 0.296771 0.70574 -0.643318 0.181831 0.705817 -0.68466 0.176482 0.71981 -0.671362 0.121009 0.707093 -0.696689 0.0599555 0.705822 -0.705848 0.0566418 0.721458 -0.690138 -0.00202879 0.707101 -0.70711 -0.0637462 0.70584 -0.705498 -0.0643376 0.723074 -0.687768 -0.125003 0.707098 -0.695979 -0.185501 0.705847 -0.683644 -0.182769 0.724665 -0.664422 -0.244159 0.707098 -0.663625 -0.301595 0.705858 -0.640941 -0.295052 0.726234 -0.62091 -0.355876 0.707098 -0.611035 -0.408489 0.705867 -0.578696 -0.397793 0.727781 -0.558655 -0.45675 0.707098 -0.539807 -0.502923 0.705876 -0.498806 -0.487907 0.729305 -0.479647 -0.543691 0.707097 -0.452123 -0.582021 0.705884 -0.403707 -0.56271 0.730804 -0.386372 -0.614045 0.707099 -0.350655 -0.644993 0.705744 -0.293102 -0.617199 0.733668 -0.284248 -0.66568 0.707104 -0.238484 -0.686197 0.705749 -0.176214 -0.65553 0.735297 -0.172099 -0.697031 0.707092 -0.119033 -0.705929 0.705909 -0.0579383 -0.705919 0.705919 -0.0579388 -0.707101 0.707101 0.00402182 -0.70711 0.707092 0.00403808 -0.705006 0.705739 0.0700004 -0.663508 0.745687 0.0608915 -0.695815 0.707089 0.125963 -0.682017 0.70574 0.191791 -0.633852 0.754096 0.171963 -0.66365 0.707083 0.244136 -0.926344 0 0.376679 -0.926344 0 0.376679 -0.991726 0 0.128375 -0.991726 0 0.128375 -1 0 0 0 0 1 0 0 1 0 0 1 0 0 1 0 0 1 0 0 1 0 0 1 0 0 1 0 0 1 0 0 1 1 0 0 0 0.707099 0.707115 0 0.707099 0.707115 0.707107 0.707107 0 0.707107 0.707107 0 0.657748 0.704155 0.267456 0.704671 0.704671 0.0829298 0.684423 0.723682 0.0885996 0.68586 0.707083 0.172131 0.657741 0.704162 0.267456 -0.707099 0 0.707115 -0.707099 0 0.707115 0 0.707099 0.707115 0 0.707099 0.707115 -1 0 0 -1 0 0 -0.657747 0.704155 0.267458 -0.657749 0.704152 0.26746 -0.68587 0.707073 0.172133 -0.684433 0.723673 0.0885969 -0.704671 0.704671 0.0829298 0 1 0 0 1 0 0 1 0 0 1 0 0 1 0 0 1 0 0 1 0 0 1 0 0 1 0 0 1 0 0 1 0 0 1 0 0 1 0 0 1 0 0 1 0 0 1 0 0 1 0 0 1 0 0 1 0 -0.577346 0.577346 0.577359 -0.707107 0.707107 0 -0.707107 0.707107 0 0 1 0 0 1 0 0 1 0 0 1 0 0 1 0 0 1 0 0 1 0 0 1 0 0 1 0 0 1 0 0 1 0 0 1 0 0 1 0 0 1 0 0 1 0 0 1 0 0 1 0 0 1 0 0 1 0 0 1 0 0 1 0 0 1 0 0 1 0 0 1 0 0 1 0 0 1 0 0 1 0 0 1 0 0 1 0 0 1 0 0 1 0 0 1 0 0 1 0 0 1 0 0 1 0 0 1 0 0 1 0 0 1 0 0 1 0 0 1 0 0 1 0 0 1 0 0 1 0 0 1 0 0 1 0 0 1 0 0 1 0 0 1 0 0 1 0 0 1 0 0 1 0 0 1 0 0 1 0 0 1 0 0.996195 0 -0.0871558 0.996195 0 -0.0871558 0.965926 0 -0.25882 0.965926 0 -0.25882 0.906308 0 -0.422619 0.906308 0 -0.422619 0.819152 0 -0.573576 0.819152 0 -0.573576 0.707107 0 -0.707107 0.707107 0 -0.707107 0.573576 0 -0.819152 0.573576 0 -0.819152 0.422619 0 -0.906308 0.422619 0 -0.906308 0.25882 0 -0.965926 0.25882 0 -0.965926 0.0871558 0 -0.996195 0.0871558 0 -0.996195 -0.0871558 0 -0.996195 -0.0871558 0 -0.996195 -0.25882 0 -0.965926 -0.25882 0 -0.965926 -0.422619 0 -0.906308 -0.422619 0 -0.906308 -0.573576 0 -0.819152 -0.573576 0 -0.819152 -0.707107 0 -0.707107 -0.707107 0 -0.707107 -0.819152 0 -0.573576 -0.819152 0 -0.573576 -0.906308 0 -0.422619 -0.906308 0 -0.422619 -0.965926 0 -0.25882 -0.965926 0 -0.25882 -0.996195 0 -0.0871558 -0.996195 0 -0.0871558 -0.996195 0 0.0871559 -0.996195 0 0.0871559 -0.965926 0 0.258819 -0.965926 0 0.258819 -0.906308 0 0.422619 -0.906308 0 0.422619 -0.852559 0 0.522631 -0.819004 -0.0190178 0.573473 -0.803764 0 0.594948 -0.707107 0 0.707106 -0.707107 0 0.707106 -0.573576 0 0.819152 -0.573576 0 0.819152 -0.422618 0 0.906308 -0.422618 0 0.906308 -0.25882 0 0.965926 -0.25882 0 0.965926 -0.0871558 0 0.996195 -0.0871558 0 0.996195 0.0871558 0 0.996195 0.0871558 0 0.996195 0.25882 0 0.965926 0.25882 0 0.965926 0.422618 0 0.906308 0.422618 0 0.906308 0.573576 0 0.819152 0.573576 0 0.819152 0.707107 0 0.707106 0.707107 0 0.707106 0.803764 0 0.594948 0.819004 -0.0190178 0.573473 0.852559 0 0.522631 0.906308 0 0.422619 0.906308 0 0.422619 0.965926 0 0.258819 0.965926 0 0.258819 0.996195 0 0.0871559 0.996195 0 0.0871559 0 -1 0 0 -1 0 0 -1 0 0 -1 0 0 -1 0 0 -1 0 0 -1 0 0 -1 0 0 -1 0 0 -1 0 0 -1 0 0 -1 0 0 -1 0 0 -1 0 0 -1 0 0 -1 0 0 -1 0 0 -1 0 0 -1 0 0 -1 0 0 -1 0 0 -1 0 0 -1 0 0 -1 0 0 -1 0 0 -1 0 0 -1 0 0 -1 0 0 -1 0 0 -1 0 0 -1 0 0 -1 0 0 -1 0 0 -1 0 0.577346 0.577346 0.577359 0.909334 0 0.416067 0.908904 -0.00119691 0.417003 0.967036 0.00121102 0.254636 0.966642 -0.000605204 0.25613 0.996319 0.000602383 0.0857179 0.996275 0 0.0862313 0.707107 0.707107 0 0.707107 0.707107 0 0.657748 0.704155 0.267456 0.657741 0.704162 0.267456 0.704163 0.704163 0.0911549 0.704163 0.704163 0.0911548 0.643855 0.705826 0.295399 0.643854 0.705826 0.295399 0.684801 0.705779 0.181451 0.684794 0.705787 0.181448 0.705786 0.705786 0.0610884 0.705786 0.705786 0.0610884 0.705748 0.705748 -0.0619707 -0.641207 0.706059 0.300558 -0.641208 0.706058 0.300559 0.705753 0.705742 -0.0619706 0.684154 0.705742 -0.184014 0.684158 0.705738 -0.184015 0.64162 0.705738 -0.300429 0.641619 0.705739 -0.300429 0.579446 0.705739 -0.407646 0.579442 0.705744 -0.407643 0.499535 0.705743 -0.502386 0.499531 0.705747 -0.502383 0.405406 0.705807 -0.580933 0.40541 0.705799 -0.580939 0.352412 0.707099 -0.613039 0.352402 0.707097 -0.613047 0.296772 0.705738 -0.64332 0.296771 0.70574 -0.643318 0.181831 0.705817 -0.68466 0.176482 0.71981 -0.671362 0.121009 0.707093 -0.696689 0.0599555 0.705822 -0.705848 0.0566418 0.721458 -0.690138 -0.00202879 0.707101 -0.70711 -0.0637462 0.70584 -0.705498 -0.0643376 0.723074 -0.687768 -0.125003 0.707098 -0.695979 -0.185501 0.705847 -0.683644 -0.182769 0.724665 -0.664422 -0.244159 0.707098 -0.663625 -0.301595 0.705858 -0.640941 -0.295052 0.726234 -0.62091 -0.355876 0.707098 -0.611035 -0.408489 0.705867 -0.578696 -0.397793 0.727781 -0.558655 -0.45675 0.707098 -0.539807 -0.502923 0.705876 -0.498806 -0.487907 0.729305 -0.479647 -0.543691 0.707097 -0.452123 -0.582021 0.705884 -0.403707 -0.56271 0.730804 -0.386372 -0.614045 0.707099 -0.350655 -0.644993 0.705744 -0.293102 -0.617199 0.733668 -0.284248 -0.66568 0.707104 -0.238484 -0.686197 0.705749 -0.176214 -0.65553 0.735297 -0.172099 -0.697031 0.707092 -0.119033 -0.705929 0.705909 -0.0579383 -0.705919 0.705919 -0.0579388 -0.707101 0.707101 0.00402182 -0.70711 0.707092 0.00403808 -0.705006 0.705739 0.0700004 -0.663508 0.745687 0.0608915 -0.695815 0.707089 0.125963 -0.682017 0.70574 0.191791 -0.633852 0.754096 0.171963 -0.66365 0.707083 0.244136 0 0.707099 0.707115 0 0.707099 0.707115 -1 0 0 1 0 0 0 0.707099 0.707115 0 0.707099 0.707115 0.707099 0 0.707115 0.707099 0 0.707115 0.57734 -0.577357 0.577353 1 0 0 1 0 0 0.991725 0 0.12838 0.991725 0 0.12838 0.926346 0 0.376674 0.926346 0 0.376674 0.705791 -0.705812 0.0607225 0.705791 -0.705813 0.0607225 0.685048 -0.705812 0.180384 0.68506 -0.7058 0.180386 0.644182 -0.705801 0.294747 0.644177 -0.705805 0.294745 0.261803 -0.00412999 -0.965113 0.418886 0.00415523 -0.908029 0.423925 -0.00215656 -0.905695 0.498365 0 -0.866967 0.501066 0 -0.865409 0.572279 0.00141446 -0.820058 0.575429 -0.00298684 -0.817846 0.705088 0.00300491 -0.709113 0.708416 -0.00240418 -0.705792 0.817879 0.00241874 -0.575385 0.819978 -0.00181347 -0.572392 0.905637 0.00182565 -0.424051 0.906742 -0.00121702 -0.421684 0.965679 0.001224 -0.259735 0.966086 -0.000612103 -0.258221 0.996167 0.000615686 -0.0874721 0.996213 0 -0.0869518 0.0906456 -0.00468946 -0.995872 0.171129 -9.44497e-5 -0.985249 0.25668 0.00186213 -0.966495 -0.0832524 -0.0052424 -0.996515 -0.00286911 -0.000118999 -0.999996 0.0846362 0.0020822 -0.99641 -0.25463 -0.00578881 -0.967021 -0.176779 -0.000147132 -0.984251 -0.0899895 0.00229869 -0.99594 -0.418309 -0.00632635 -0.908283 -0.345289 -0.000175912 -0.938496 -0.261871 0.00251391 -0.9651 -0.569333 -0.00685816 -0.822078 -0.503279 -0.000209933 -0.864124 -0.425767 0.00272436 -0.904829 -0.703141 -0.00738112 -0.711012 -0.645934 -0.000246599 -0.763394 -0.576678 0.00293245 -0.816966 -0.815683 -0.00789733 -0.578445 -0.768884 -0.000285814 -0.639389 -0.710004 0.00313769 -0.704191 -0.903557 -0.00840705 -0.428386 -0.868382 -0.000327757 -0.495897 -0.821679 0.00333974 -0.569941 -0.999993 0 -0.00372374 -0.996641 0.00392835 -0.0817999 -0.995848 -0.00569047 -0.0908498 -0.98573 0 -0.168334 -0.98419 0 -0.177115 -0.967216 0.00373459 -0.253928 -0.964104 -0.00890868 -0.265374 -0.941409 -0.000373972 -0.337266 -0.908297 0.00353857 -0.418312 -0.999984 0 0.00571057 -0.996511 -0.00598486 0.0832525 -0.995812 0.00260278 0.0913876 -0.984006 -0.00033159 0.178134 -0.967924 -0.0103675 0.251031 -0.965112 0.00129368 0.261834 -0.938511 -0.000173723 0.345249 -0.909794 -0.0108382 0.414919 -0.905463 0 0.424425 -0.704163 0.704163 0.0911509 -0.704173 0.704153 0.0911561 -0.657749 0.704152 0.26746 -0.657747 0.704155 0.267458 0 1 0 0 1 0 0 1 0 0 1 0 0 1 0 0 1 0 0 1 0 0 1 0 0 1 0 0 1 0 0 1 0 0 1 0 0 1 0 0 1 0 0 1 0 0 1 0 0 1 0 0 1 0 0 1 0 0 1 0 0 1 0 0 1 0 0 1 0 0 1 0 0 1 0 0 1 0 0 1 0 0 1 0 0 1 0 0 1 0 0 1 0 0 1 0 0 1 0 0 1 0 0 1 0 -0.577346 0.577346 0.577359 -1 0 0 0 0 1 0 0 1 0 0 1 0 0 1 0 0 1 0 0 1 0 0 1 0 0 1 0 0 1 0 0 1 1 0 0 0 -0.707109 0.707104 0 -0.707109 0.707104 0.707096 -0.707117 0 0.707096 -0.707117 0 0.657737 -0.704166 0.267454 0.657732 -0.704173 0.267449 0.68585 -0.707094 0.172128 0.684412 -0.723692 0.0885982 0.704661 -0.704682 0.0829286 -0.644576 -0.705767 0.293964 -0.644569 -0.705775 0.29396 -0.685749 -0.705775 0.177849 -0.685757 -0.705767 0.177852 -0.705875 -0.705878 0.0589705 -0.705866 -0.705887 0.0589709 -0.707094 -0.707115 -0.00263085 -0.707095 -0.707114 -0.00263305 -0.705402 -0.70588 -0.0643528 -0.68598 -0.724711 -0.0650056 -0.695926 -0.707109 -0.125239 -0.68304 -0.705768 -0.18801 -0.683044 -0.705764 -0.188011 -0.640145 -0.705764 -0.3035 -0.64014 -0.705769 -0.303498 -0.577883 -0.705768 -0.409808 -0.577881 -0.70577 -0.409807 -0.498147 -0.705771 -0.503723 -0.498147 -0.70577 -0.503724 -0.403349 -0.705769 -0.582408 -0.403349 -0.70577 -0.582408 -0.296353 -0.705771 -0.643477 -0.296352 -0.705772 -0.643476 -0.180393 -0.705772 -0.685087 -0.180396 -0.705763 -0.685095 -0.0589807 -0.705764 -0.705988 -0.0589803 -0.705766 -0.705986 0.0642181 -0.705767 -0.705528 0.064218 -0.705765 -0.705529 0.185475 -0.705764 -0.683737 0.185475 -0.705764 -0.683736 0.300312 -0.705804 -0.641602 0.300312 -0.705806 -0.641601 0.354284 -0.70711 -0.611946 0.354307 -0.707107 -0.611936 0.407663 -0.705765 -0.579403 0.40766 -0.70577 -0.579398 0.501873 -0.705769 -0.500014 0.501872 -0.705771 -0.500012 0.580906 -0.705771 -0.405506 0.580914 -0.705761 -0.405513 0.642383 -0.70576 -0.298742 0.642379 -0.705764 -0.29874 0.68442 -0.705765 -0.182936 0.684416 -0.705769 -0.182934 0.70576 -0.705768 -0.0616003 0.705753 -0.705774 -0.0615991 -0.926344 0 0.376679 -0.926344 0 0.376679 -0.991726 0 0.128375 -0.991726 0 0.128375 -0.707107 0.707107 0 -0.707107 0.707107 0 0 -0.707109 0.707104 0 -0.707109 0.707104 -0.707099 0 0.707115 -0.707099 0 0.707115 0 -1 0 0 -1 0 0 -1 0 0 -1 0 0 -1 0 0 -1 0 0 -1 0 0 -1 0 0 -1 0 0 -1 0 0 -1 0 0 -1 0 0 -1 0 0 -1 0 0 -1 0 0 -1 0 0 -1 0 0 -1 0 0 -1 0 -0.657737 -0.704166 0.267455 -0.704661 -0.704682 0.0829286 -0.684422 -0.723683 0.0885955 -0.68586 -0.707083 0.172131 -0.65774 -0.704163 0.267455 -1 0 0 -1 0 0 -0.57734 -0.577357 0.577353 -0.707096 -0.707117 0 -0.707096 -0.707117 0 -0.698068 -0.159332 -0.698079 -0.698082 -0.159324 -0.698067 -0.625387 -0.330524 -0.706856 -0.575574 -0.459002 -0.676781 -0.540656 -0.465276 -0.700863 -0.398879 -0.58506 -0.706117 -0.398887 -0.585057 -0.706114 -0.259786 -0.661913 -0.703123 -0.259785 -0.661913 -0.703124 0 -0.716028 -0.698071 -0.0898028 -0.797043 -0.597208 0.0794158 -0.704877 -0.70487 0.31067 -0.645123 -0.698069 0.282161 -0.718904 -0.635265 0.398869 -0.585067 -0.706116 0.559812 -0.446433 -0.698075 0.698078 -0.159335 -0.698068 0.698071 -0.159323 -0.698078 0.625379 -0.330519 -0.706865 0.563574 -0.484984 -0.668711 0.69808 0.159325 -0.698069 0.698068 0.159332 -0.698079 0.625379 0.330519 -0.706865 0.575567 0.458996 -0.67679 0.540664 0.465268 -0.700862 0.398869 0.585067 -0.706116 0.324777 0.674416 -0.663087 0.259793 0.661914 -0.703119 0 0.716028 -0.698071 0.0897997 0.797042 -0.59721 -0.0794183 0.704875 -0.704871 -0.310672 0.645117 -0.698074 -0.282157 0.718914 -0.635257 -0.398885 0.585055 -0.706117 -0.559812 0.446433 -0.698075 -0.69807 0.159321 -0.69808 -0.698078 0.159334 -0.698069 -0.625387 0.330524 -0.706855 -0.563576 0.485 -0.668699 0 0 -1 0 0 -1 0 0 -1 0 0 -1 0 0 -1 0 0 -1 0 0 -1 0 0 -1 0 0 -1 0 0 -1 0 0 -1 0 0 -1 0 0 -1 0 0 -1 0 0 -1 0 0 -1 0 0 -1 0 0 -1 0 0 -1 0 0 -1 0 0 -1 0 0 -1 0 0 -1 0 0 -1 0 0 -1 0 0 -1 0 0 -1 0 0 -1 0 0 -1 0 0 -1 0 0 -1 0 0 -1 0 0 -1 0 0 -1 0 0 -1 0 0 -1 0 0 -1 0 0 -1 0 0 -1 0 0 -1 0 0 -1 0 0 -1 0 0 -1 0 0 -1 0 0 -1 0 0 -1 0 0 -1 0 0 -1 0 0 -1 0 0 -1 0 0 -1 0 0 -1 0 0 -1 0 0 -1 0 0 -1 0 0 -1 0 0 -1 0 0 -1 0 0 -1 0 0 -1 0 0 -1 0 0 -1 0 0 -1 0 0 -1 0 0 -1 0 0 -1 0 0 -1 0 0 -1 0 0 -1 0 0 -1 0 0 -1 0 0 -1 0 0 -1 0 0 -1 0 0 -1 0 0 -1 0 0 -1 0 0 -1 0 0 -1 0 0 -1 0 0 -1 0 0 -1 0 0 -1 0 0 -1 0 0 -1 0 0 -1 0 0 -1 0 0 -1 0 0 -1 0 0 -1 0 0 -1 0 0 -1 0 0 -1 0 0 -1 0 0 -1 0 0 -1 0 0 -1 0 0 -1 0 0 -1 0 0 -1 0 0 -1 0 0 -1 0 0 -1 0 0 -1 0 0 -1 0 0 -1 0 0 -1 0 0 -1 0 0 -1 0 0 -1 0 0 -1 0 0 -1 0 0 -1 0 0 -1 0 0 -1 0 0 -1 0 0 -1 0 0 -1 0 0 -1 0 0 -1 0 0 -1 0 0 -1 0 0 -1 0 0 -1 0 0 -1 0 0 -1 0 0 -1 0 0 -1 0 0 -1 0 0 -1 0 0 -1 0 0 -1 0 0 -1 0 0 -1 0 0 -1 0 0 -1 0 0 -1 0 0 -1 0 0 -1 0 0 -1 0 0 -1 0 0 -1 0 0 -1 0 0 -1 0 0 -1 0 0 -1 0 0 -1 0 0 -1 0 0 -1 0 0 -1 0 0 -1 0 0 -1 0 0 -1 0 0 -1 0 0 -1 0 0 -1 0 0 -1 0 0 -1 0 0 -1 0 0 -1 0 0 -1 0 0 -1 0 0 -1 0 0 -1 0 0 -1 0 0 -1 0 0 -1 0 0 -1 0 0 -1 0 0 -1 0 0 -1 0 0 -1 0 0 -1 0 0 -1 0 0 -1 0 0 -1 0 0 -1 0 0 -1 0 0 -1 0 0 -1 0 0 -1 0 0 -1 0 0 -1 0 0 -1 0 0 -1 0 0 -1 0 0 -1 0 0 -1 0 0 -1 0 0 -1 0 0 -1 0 0 -1 0 0 -1 0 0 -1 0 0 -1 0 0 -1 0 0 -1 0 0 -1 0 0 -1 0 0 -1 0 0 -1 0 0 -1 0 0 -1 0 0 -1 0 0 -1 0 0 -1 0 0 -1 0 0 -1 0 0 -1 0 0 -1 0 0 -1 0 0 -1 0 0 -1 0 0 -1 0 0 -1 0 0 -1 0 0 -1 0 0 -1 0 0 -1 0 0 -1 0 0 -1 0 0 -1 0 0 -1 0 0 -1 0 0 -1 0 0 -1 0 0 -1 0 0 -1 0 0 -1 0 0 -1 0 0 -1 0 0 -1 0 0 -1 0 0 -1 0 0 -1 0 0 -1 0 0 -1 0 0 -1 0 0 -1 0 0 -1 0 0 -1 0 0 -1 0 0 -1 0 0 -1 0 0 -1 0 0 -1 0 0 -1 0 0 -1 0 0 -1 0 0 -1 0 0 -1 0 0 -1 0 0 -1 0 0 -1 0 0 -1 0 0 -1 0 0 -1 0 0 -1 0 0 -1 0 0 -1 0 0 -1 0 0 -1 0 0 -1 0 0 -1 0 0 -1 0 0 -1 0 0 -1 0 0 -1 0 0 -1 0 0 -1 0 0 -1 0 0 -1 0.150193 -0.486913 -0.86044 -0.0941875 -0.497779 -0.862175 -0.314379 -0.39421 -0.863576 -0.460445 -0.200907 -0.864654 -0.499647 0.0374412 -0.865419 -0.346587 0.373521 -0.860441 -0.423585 0.266155 -0.865874 -0.478175 0.167333 -0.862177 -0.498584 -0.0751515 -0.863578 -0.404209 -0.29831 -0.864654 -0.217383 -0.451439 -0.865417 0.018693 -0.499914 -0.865873 -0.149564 0.487226 -0.860373 0.443766 0.250664 -0.860372 0.289934 0.419165 -0.860372 0.078001 0.503663 -0.860372 0.343096 -0.375809 -0.860844 0.471628 -0.193208 -0.860371 0.508667 0.0319206 -0.860371 -0.346583 -0.373527 -0.860441 -0.44128 0.254778 -0.860442 -0.508124 0.0380793 -0.860442 -0.474325 -0.186164 -0.860441 0.15019 0.486911 -0.860442 -0.075949 0.503857 -0.860442 -0.287038 0.421011 -0.860441 0.477231 0.169161 -0.862343 0.498613 -0.0744688 -0.86362 0.403853 -0.29889 -0.86462 0.215619 -0.452413 -0.86535 0.343676 0.375427 -0.860779 -0.153296 -0.485347 -0.860778 -0.0220512 -0.49988 -0.865814 0.0921205 -0.497875 -0.862342 0.3138 -0.394575 -0.863621 0.460776 -0.200294 -0.86462 0.499612 0.0394554 -0.86535 0.421881 0.269038 -0.865815 -0.496777 0.113377 -0.86044 -0.383992 0.33046 -0.862175 -0.184215 0.469362 -0.863577 0.0562377 0.49921 -0.864654 0.282263 0.41398 -0.865418 0.496777 0.113387 -0.860439 0.442306 0.233728 -0.865873 0.383992 0.33046 -0.862175 0.184215 0.469362 -0.863577 -0.0562377 0.49921 -0.864654 -0.282263 0.41398 -0.865418 -0.442279 0.233775 -0.865874 0.495574 -0.132786 -0.858356 0.282263 -0.41398 -0.865418 0.0562579 -0.499206 -0.864655 -0.184215 -0.469362 -0.863577 -0.495574 -0.132786 -0.858356 -0.383992 -0.33046 -0.862175 -0.282263 -0.41398 -0.865418 -0.0562579 -0.499206 -0.864655 0.184215 -0.469362 -0.863577 0.383992 -0.33046 -0.862175 0.441483 0.254893 -0.860304 0.284901 0.422741 -0.860303 0.0705393 0.504879 -0.860303 -0.153286 0.485348 -0.860779 0.343678 -0.375429 -0.860778 0.472512 -0.191344 -0.860302 0.508556 0.0353531 -0.860303 0.150193 -0.486913 -0.86044 -0.441288 -0.254772 -0.86044 -0.287039 -0.421013 -0.86044 -0.075948 -0.503861 -0.860439 -0.346587 0.373521 -0.860441 -0.474328 0.186159 -0.86044 -0.508128 -0.0380796 -0.86044 -0.496777 0.113377 -0.86044 -0.383998 0.330455 -0.862175 -0.184215 0.469362 -0.863577 0.0562377 0.49921 -0.864654 0.282263 0.41398 -0.865418 0.496777 0.113387 -0.860439 0.442293 0.233754 -0.865873 0.383998 0.330455 -0.862175 0.184215 0.469362 -0.863577 -0.0562377 0.49921 -0.864654 -0.282263 0.41398 -0.865418 -0.442267 0.233801 -0.865874 0.496777 -0.113385 -0.86044 0 -0.509551 -0.86044 0.221083 -0.45909 -0.860441 0.398384 -0.317699 -0.860441 -0.496778 -0.113375 -0.860441 -0.398377 -0.317704 -0.860442 -0.221083 -0.45909 -0.860441 0.346587 0.373521 -0.860441 0.478175 0.167333 -0.862177 0.498584 -0.0751515 -0.863578 0.404209 -0.29831 -0.864654 0.217383 -0.451439 -0.865417 -0.150191 -0.486915 -0.86044 -0.0186953 -0.499914 -0.865873 0.0941875 -0.497779 -0.862175 0.314379 -0.39421 -0.863576 0.460445 -0.200907 -0.864654 0.499647 0.0374412 -0.865419 0.423585 0.266155 -0.865874 -0.347167 -0.373143 -0.860371 -0.438963 0.258984 -0.860371 -0.507975 0.041507 -0.860371 -0.475184 -0.184284 -0.860372 0.153908 0.485033 -0.860845 -0.0684876 0.505044 -0.860372 -0.281987 0.424551 -0.860372 0 0 -1 0 0 -1 0 0 -1 0 0 -1 0 0 -1 0 0 -1 0 0 -1 0 0 -1 0 0 -1 0 0 -1 0 0 -1 0 0 -1 0 0 -1 0 0 -1 0 0 -1 0 0 -1 0 0 -1 0 0 -1 0 0 -1 0 0 -1 0 0 -1 0 0 -1 0 0 -1 0 0 -1 0 0 -1 0 0 -1 0 0 -1 0 0 -1 0 0 -1 0 0 -1 0 0 -1 0 0 -1 0 0 -1 0 0 -1 0 0 -1 0 0 -1 0 0 -1 0 0 -1 0 0 -1 0 0 -1 0 0 -1 0 0 -1 0 0 -1 0 0 -1 0 0 -1 0 0 -1 0 0 -1 0 0 -1 0 0 -1 0 0 -1 0 0 -1 0 0 -1 0 0 -1 0 0 -1 0 0 -1 0 0 -1 0 0 -1 0 0 -1 0 0 -1 0 0 -1 0 0 -1 0 0 -1 0 0 -1 0 0 -1 0 0 -1 0 0 -1 0 0 -1 0 0 -1 0 0 -1 0 0 -1 0 0 -1 0 0 -1 0 0 -1 0 0 -1 0 0 -1 0 0 -1 0 0 -1 0 0 -1 0 0 -1 0 0 -1 0 0 -1 0 0 -1 0 0 -1 0 0 -1 0 0 -1 0 0 -1 0 0 -1 0 0 -1 0 0 -1 0 0 -1 0 0 -1 0 0 -1 0 0 -1 0 0 -1 0 0 -1 0 0 -1 0 0 -1 0 0 -1 0 0 -1 0 0 -1 0 0 -1 0 0 -1 0 0 -1 0 0 -1 0 0 -1 0 0 -1 0 0 -1 0 0 -1 0 0 -1 0 0 -1 0 0 -1 0 0 -1 0 0 -1 0 0 -1 0 0 -1 0 0 -1 0 0 -1 0 0 -1 0 0 -1 0 0 -1 0 0 -1 0 0 -1 0 0 -1 0 0 -1 0 0 -1 0 0 -1 0 0 -1 0 0 -1 0 0 -1 0 0 -1 0 0 -1 0 0 -1 0 0 -1 0 0 -1 0 0 -1 0 0 -1 0 0 -1 0 0 -1 0 0 -1 0 0 -1 0 0 -1 0 0 -1 0 0 -1 0 0 -1 0 0 -1 0 0 -1 0 0 -1 0 0 -1 0 0 -1 0 0 -1 0 0 -1 0 0 -1 0 0 -1 0 0 -1 0 0 -1 0 0 -1 0 0 -1 0 0 -1 0 0 -1 0 0 -1 0 0 -1 0 0 -1 0 0 -1 0 0 -1 0 0 -1 0 0 -1 0 0 -1 0 0 -1 0 0 -1 0 0 -1 0 0 -1 0 0 -1 0 0 -1 0 0 -1 -0.70589 0.0584943 -0.705902 -0.705905 0.0584912 -0.705888 -0.686649 0.17388 -0.705888 -0.686632 0.173881 -0.705905 -0.648647 0.284524 -0.705906 -0.64866 0.284526 -0.705893 -0.592981 0.387413 -0.705893 -0.592974 0.387411 -0.7059 -0.521123 0.479727 -0.705899 -0.521122 0.479727 -0.705899 -0.435055 0.558958 -0.705899 -0.435052 0.558956 -0.705902 -0.337118 0.62294 -0.705902 -0.337116 0.622938 -0.705905 -0.229986 0.669929 -0.705905 -0.22999 0.669934 -0.705899 -0.116584 0.698652 -0.705899 -0.116584 0.698653 -0.705898 0 0.708314 -0.705898 0 0.708314 -0.705898 0.116584 0.698653 -0.705898 0.116584 0.698652 -0.705899 0.229988 0.669935 -0.705899 0.229988 0.669928 -0.705905 0.319517 0.631392 -0.706578 0.319525 0.631399 -0.706568 0.370368 0.602511 -0.706971 0.370359 0.602508 -0.706978 0.435053 0.558956 -0.705902 0.435054 0.558959 -0.705899 0.521123 0.479727 -0.705899 0.521123 0.479727 -0.705899 0.592975 0.387409 -0.7059 0.59298 0.387415 -0.705893 0.648659 0.284529 -0.705893 0.648648 0.284521 -0.705906 0.686632 0.173879 -0.705905 0.686638 0.173883 -0.705898 0.705894 0.0584915 -0.705898 0.70589 0.05849 -0.705902 0.70589 -0.0584911 -0.705902 0.705894 -0.0584903 -0.705898 0.686639 -0.173882 -0.705898 0.686634 -0.173882 -0.705902 0.648651 -0.284525 -0.705902 0.64866 -0.284526 -0.705893 0.592981 -0.387413 -0.705893 0.592968 -0.387409 -0.705906 0.521118 -0.479722 -0.705906 0.521124 -0.479725 -0.705899 0.435053 -0.558959 -0.705899 0.435057 -0.558963 -0.705894 0.337123 -0.622948 -0.705892 0.33712 -0.622946 -0.705895 0.229989 -0.669939 -0.705895 0.229993 -0.669943 -0.705889 0.116589 -0.698662 -0.705889 0.116584 -0.698653 -0.705898 0 -0.708314 -0.705898 0 -0.708314 -0.705898 -0.116587 -0.698653 -0.705898 -0.116586 -0.698662 -0.705889 -0.229991 -0.669944 -0.705889 -0.229991 -0.669938 -0.705895 -0.337121 -0.622945 -0.705895 -0.337122 -0.622949 -0.705892 -0.435056 -0.558963 -0.705894 -0.435054 -0.558958 -0.705899 -0.521123 -0.479727 -0.705899 -0.521119 -0.479721 -0.705906 -0.59297 -0.387406 -0.705906 -0.592979 -0.387416 -0.705893 -0.648659 -0.284528 -0.705893 -0.648652 -0.284522 -0.705902 -0.686636 -0.173878 -0.705902 -0.686648 -0.173885 -0.705888 -0.705904 -0.0584954 -0.705888 -0.70589 -0.05849 -0.705902 0.294747 0.955575 0 0.294747 0.955575 0 -0.149029 0.988833 0 -0.149029 0.988833 0 -0.563321 0.826238 0 -0.563321 0.826238 0 -0.793974 0.607952 0 -0.865979 0.499974 -0.0102663 -0.680169 -0.733055 0 -0.680169 -0.733055 0 -0.930874 -0.365341 0 -0.930874 -0.365341 0 -0.997204 0.0747309 0 -0.997204 0.0747309 0 -0.909342 0.416049 0 0.680169 -0.733056 0 0.680169 -0.733056 0 0.930874 -0.365341 0 0.930874 -0.365341 0 0.997204 0.0747297 0 0.997204 0.0747297 0 0.92349 0.383622 0 0.865975 0.499981 -0.0102673 -0.294757 0.955572 0 -0.294757 0.955572 0 0.149047 0.98883 0 0.149047 0.98883 0 0.563321 0.826238 0 0.563321 0.826238 0 0.814968 0.579506 0 0.698067 -0.159334 0.698079 0.698083 -0.159324 0.698066 0.625391 -0.330526 0.706851 0.575579 -0.459006 0.676774 0.540649 -0.465282 0.700865 0.398908 -0.585037 0.706119 0.324792 -0.674418 0.663077 0.259765 -0.661908 0.703136 0.0794401 -0.70486 0.704884 0 -0.752712 0.65835 -0.0794377 -0.704862 0.704883 -0.259783 -0.661906 0.70313 -0.259776 -0.661917 0.703123 -0.398899 -0.585049 0.706114 -0.398896 -0.585054 0.706112 -0.559813 -0.446443 0.698068 -0.698078 -0.159335 0.698069 -0.698072 -0.159325 0.698077 -0.625383 -0.330521 0.706861 -0.563575 -0.484997 0.668701 -0.698079 0.159325 0.69807 -0.698067 0.159332 0.69808 -0.625379 0.330519 0.706866 -0.575563 0.459003 0.676789 -0.54067 0.465273 0.700855 -0.398872 0.585071 0.706111 -0.324781 0.674416 0.663084 -0.259793 0.661914 0.70312 0 0.716028 0.698072 -0.0897996 0.797041 0.597211 0.0794182 0.704875 0.704872 0.310672 0.645117 0.698074 0.282156 0.718913 0.635257 0.398885 0.585054 0.706118 0.559812 0.446432 0.698075 0.698069 0.159321 0.698081 0.698077 0.159334 0.698069 0.625387 0.330523 0.706856 0.563575 0.484999 0.668699 0.482337 0.528338 0.69872 0.482338 0.528327 0.698728 0.595964 0.381231 0.706746 0.684596 0.280458 0.672809 0.671248 0.239958 0.701317 0.70592 0.0577008 0.705938 0.74887 -0.0470048 0.661048 0.703397 -0.102165 0.703417 0.623531 -0.352198 0.697973 0.734458 -0.315722 0.600742 0.572289 -0.418815 0.705038 0.407376 -0.588967 0.69797 0.482921 -0.600561 0.637271 0.308914 -0.637086 0.706183 0.109596 -0.707702 0.697959 -0.210163 -0.684602 0.697963 -0.210162 -0.684605 0.69796 -0.025512 -0.706879 0.706874 0.140061 -0.729465 0.669524 0.211057 0.684213 0.698074 0.211054 0.684219 0.698069 -0.106724 0.708035 0.698066 -0.106714 0.708029 0.698074 -0.307231 0.637971 0.706117 -0.307238 0.63797 0.706115 -0.443345 0.555935 0.703123 -0.44334 0.555935 0.703126 -0.620099 0.35801 0.698073 -0.62009 0.358012 0.69808 -0.71402 0.0535109 0.698078 -0.714031 0.0535017 0.698067 -0.666535 -0.261601 0.698066 -0.666531 -0.261591 0.698074 -0.487024 -0.524879 0.698075 -0.487024 -0.524884 0.698072 -0.48702 0.524887 0.698072 -0.487017 0.524887 0.698074 -0.666534 0.261584 0.698073 -0.666528 0.261586 0.698078 -0.71402 -0.053499 0.698078 -0.71403 -0.0535113 0.698067 -0.620096 -0.358021 0.69807 -0.620095 -0.358016 0.698074 -0.403357 -0.591603 0.698075 -0.403356 -0.591604 0.698075 -0.106711 -0.70803 0.698074 -0.106714 -0.708025 0.698077 0.211045 -0.684211 0.69808 0.211053 -0.684215 0.698073 -0.21105 0.684216 0.698073 -0.21106 0.684221 0.698065 -0.0264282 0.706867 0.706852 0.10972 0.727961 0.676782 0.132611 0.700861 0.700863 0.307231 0.637971 0.706117 0.421672 0.618478 0.663082 0.443343 0.555934 0.703125 0.620095 0.358016 0.698074 0.645353 0.476289 0.597217 0.650144 0.283664 0.704874 0.703124 0.105969 0.703126 0.703129 0.105979 0.70312 0.706121 -0.0529202 0.706111 0.706123 -0.0529133 0.706109 0.666537 -0.261593 0.698067 0.487027 -0.524882 0.698071 0.487022 -0.524882 0.698075 0.598922 -0.376352 0.706861 0.701804 -0.245576 0.668703 0.974931 -0.222509 0 0.965885 -0.258797 0.00950881 0.884117 -0.467265 0 0.757961 -0.6523 0 0.707018 -0.707018 0.0158723 0.563355 -0.826215 0 0.365324 -0.930881 0 0.258775 -0.96575 0.0190643 0.111994 -0.993709 0 -0.258822 -0.965925 0 -0.365132 -0.930367 0.0330967 -0.111991 -0.993709 0 -0.965925 -0.258822 0 -0.974867 -0.222511 0.0110591 -0.884117 -0.467265 0 -0.707107 -0.707107 0 -0.757786 -0.652129 0.0220988 -0.563332 -0.826231 0 -0.974927 0.222525 0 -0.965881 0.25881 0.00950823 -0.884117 0.467265 0 -0.757979 0.652279 0 -0.707018 0.707018 0.0158783 -0.563298 0.826254 0 -0.365354 0.930869 0 -0.258775 0.96575 0.0190696 -0.111958 0.993713 0 0.111962 0.993713 0 0.258775 0.96575 0.0190684 0.365345 0.930872 0 0.563321 0.826238 0 0.707018 0.707018 0.0158753 0.757969 0.65229 0 0.884117 0.467265 0 0.965885 0.258797 0.00950881 0.974931 0.222509 0 0.674233 0.738519 0 0.707063 0.707062 0.0111501 0.84239 0.538868 0 0.941641 0.336618 0 0.965791 0.258786 0.0166834 0.996676 0.0814668 0 0.989616 -0.143737 0 0.965746 -0.258774 0.0192614 0.918712 -0.394927 0 0.806985 -0.590572 0 0.706981 -0.706981 0.0188754 0.626649 -0.779301 0 0.436301 -0.899801 0 0.258791 -0.965809 0.0155228 0.188561 -0.982062 0 -0.0360675 -0.999349 0 -0.258811 -0.965884 0.00922001 -0.293469 -0.955968 0 -0.680178 -0.733047 0 -0.680178 -0.733047 0 -0.930871 -0.365347 0 -0.930871 -0.365347 0 -0.997204 0.0747336 0 -0.997204 0.0747336 0 -0.866028 0.499996 0 -0.866028 0.499996 0 -0.623491 0.78183 0 -0.563275 0.826171 0.0127283 0.294762 0.955571 0 0.294762 0.955571 0 -0.149049 0.98883 0 -0.149049 0.98883 0 -0.433885 0.900968 0 0.294747 -0.955575 0 0.294747 -0.955575 0 -0.149032 -0.988832 0 -0.149032 -0.988832 0 -0.563328 -0.826233 0 -0.563328 -0.826233 0 -0.866021 -0.500008 0 -0.866021 -0.500008 0 -0.997205 -0.0747171 0 -0.997205 -0.0747171 0 -0.930879 0.365327 0 -0.930879 0.365327 0 -0.680169 0.733055 0 -0.680169 0.733055 0 -0.294762 0.955571 0 -0.25881 0.965881 0.00950975 -0.0373617 0.999302 0 0.185913 0.982566 0 0.258789 0.965803 0.0158761 0.433885 0.900968 0 0.62349 0.781831 0 0.706978 0.706978 0.019068 0.8046 0.593817 0 0.965925 0.258822 0 0.988289 0.14896 0.0331012 0.916558 0.399902 0 0.707107 -0.707107 0 0.680137 -0.733002 0.0110572 0.846708 -0.532057 0 0.965925 -0.258822 0 0.943651 -0.330203 0.0220999 0.997204 -0.0747255 0 0 0 1 0 0 1 0 0 1 0 0 1 0 0 1 0 0 1 0 0 1 0 0 1 0 0 1 0 0 1 0 0 1 0 0 1 0 0 1 0 0 1 0 0 1 0 0 1 0 0 1 0 0 1 0 0 1 0 0 1 0 0 1 0 0 1 0 0 1 0 0 1 0 0 1 0 0 1 0 0 1 0 0 1 0 0 1 0 0 1 0 0 1 0 0 1 0.996585 0.0825785 0 0.996585 0.0825785 0 0.9694 0.245486 0 0.9694 0.245486 0 0.915773 0.401697 0 0.915773 0.401697 0 0.837167 0.546947 0 0.837167 0.546947 0 0.735724 0.677281 0 0.735724 0.677281 0 0.614213 0.78914 0 0.614213 0.78914 0 0.523672 0.85192 0 0.523672 0.85192 0 0.451534 0.892254 0 0.451534 0.892254 0 0.324698 0.945818 0 0.324698 0.945818 0 0.164594 0.986362 0 0.164594 0.986362 0 0 1 0 0 1 0 -0.164594 0.986362 0 -0.164594 0.986362 0 -0.324698 0.945818 0 -0.324698 0.945818 0 -0.475947 0.879474 0 -0.475947 0.879474 0 -0.614213 0.78914 0 -0.614213 0.78914 0 -0.735724 0.677281 0 -0.735724 0.677281 0 -0.837167 0.546947 0 -0.837167 0.546947 0 -0.915773 0.401697 0 -0.915773 0.401697 0 -0.9694 0.245486 0 -0.9694 0.245486 0 -0.996585 0.0825785 0 -0.996585 0.0825785 0 -0.996585 -0.0825785 0 -0.996585 -0.0825785 0 -0.9694 -0.245487 0 -0.9694 -0.245487 0 -0.915773 -0.401695 0 -0.915773 -0.401695 0 -0.837167 -0.546947 0 -0.837167 -0.546947 0 -0.735724 -0.677281 0 -0.735724 -0.677281 0 -0.61421 -0.789142 0 -0.61421 -0.789142 0 -0.475947 -0.879474 0 -0.475947 -0.879474 0 -0.324698 -0.945818 0 -0.324698 -0.945818 0 -0.164598 -0.986361 0 -0.164598 -0.986361 0 0 -1 0 0 -1 0 0.164598 -0.986361 0 0.164598 -0.986361 0 0.324698 -0.945818 0 0.324698 -0.945818 0 0.475947 -0.879474 0 0.475947 -0.879474 0 0.61421 -0.789142 0 0.61421 -0.789142 0 0.735724 -0.677281 0 0.735724 -0.677281 0 0.837167 -0.546947 0 0.837167 -0.546947 0 0.915773 -0.401695 0 0.915773 -0.401695 0 0.9694 -0.245487 0 0.9694 -0.245487 0 0.996585 -0.0825785 0 0.996585 -0.0825785 0 0.70589 0.0584911 0.705902 0.705894 0.0584903 0.705898 0.686639 0.173881 0.705899 0.686632 0.173881 0.705905 0.648647 0.284524 0.705906 0.64866 0.284526 0.705893 0.592981 0.387413 0.705893 0.592974 0.387411 0.7059 0.521123 0.479727 0.705899 0.521122 0.479727 0.705899 0.435055 0.558958 0.705899 0.435052 0.558956 0.705902 0.370365 0.602505 0.706978 0.370363 0.602514 0.706971 0.319522 0.631401 0.706568 0.319521 0.63139 0.706578 0.229986 0.669929 0.705905 0.22999 0.669934 0.705899 0.116584 0.698652 0.705899 0.116584 0.698653 0.705898 0 0.708314 0.705898 0 0.708314 0.705898 -0.116584 0.698653 0.705898 -0.116584 0.698652 0.705899 -0.229988 0.669935 0.705899 -0.229988 0.669929 0.705905 -0.337117 0.622937 0.705905 -0.337117 0.62294 0.705902 -0.435053 0.558956 0.705902 -0.435054 0.558959 0.705899 -0.521123 0.479727 0.705899 -0.521123 0.479727 0.705899 -0.592975 0.387409 0.7059 -0.59298 0.387415 0.705893 -0.648659 0.284529 0.705893 -0.648648 0.284521 0.705906 -0.686633 0.173876 0.705905 -0.686648 0.173885 0.705888 -0.705904 0.0584954 0.705888 -0.70589 0.05849 0.705902 -0.70589 -0.0584943 0.705902 -0.705905 -0.0584912 0.705888 -0.686649 -0.173881 0.705888 -0.686634 -0.173882 0.705902 -0.648651 -0.284525 0.705902 -0.64866 -0.284526 0.705893 -0.592981 -0.387413 0.705893 -0.592968 -0.387409 0.705906 -0.521118 -0.479722 0.705906 -0.521124 -0.479725 0.705899 -0.435053 -0.558959 0.705899 -0.435057 -0.558963 0.705894 -0.337123 -0.622948 0.705892 -0.33712 -0.622946 0.705895 -0.229989 -0.669939 0.705895 -0.229993 -0.669944 0.705889 -0.116589 -0.698662 0.705889 -0.116584 -0.698653 0.705898 0 -0.708314 0.705898 0 -0.708314 0.705898 0.116587 -0.698653 0.705898 0.116586 -0.698662 0.705889 0.229991 -0.669944 0.705889 0.229991 -0.669938 0.705895 0.337121 -0.622945 0.705895 0.337122 -0.622949 0.705892 0.435056 -0.558963 0.705894 0.435054 -0.558958 0.705899 0.521123 -0.479727 0.705899 0.521119 -0.479721 0.705906 0.59297 -0.387406 0.705906 0.592979 -0.387416 0.705893 0.648659 -0.284528 0.705893 0.648652 -0.284522 0.705902 0.686635 -0.173881 0.705902 0.686638 -0.173883 0.705898 0.705894 -0.0584915 0.705898 0.70589 -0.05849 0.705902 0 0 1 0 0 1 0 0 1 0 0 1 0 0 1 0 0 1 0 0 1 0 0 1 0 0 1 0 0 1 0 0 1 0 0 1 0 0 1 0 0 1 0 0 1 0 0 1 0 0 1 0 0 1 0 0 1 0 0 1 0 0 1 0 0 1 0 0 1 0 0 1 0 0 1 0 0 1 0 0 1 0 0 1 0 0 1 0 0 1 0 0 1 0 0 1 0 0 1 0 0 1 0 0 1 0 0 1 0 0 1 0 0 1 0 0 1 0 0 1 0 0 1 0 0 1 0 0 1 0 0 1 0 0 1 0 0 1 0 0 1 0 0 1 0 0 1 0 0 1 0 0 1 0 0 1 0 0 1 0 0 1 0 0 1 0 0 1 0 0 1 0 0 1 0 0 1 0 0 1 0 0 1 0 0 1 0 0 1 0 0 1 0 0 1 0 0 1 0 0 1 0 0 1 0 0 1 0 0 1 0 0 1 0 0 1 0 0 1 0 0 1 0 0 1 0 0 1 0 0 1 0 0 1 0 0 1 0 0 1 0 0 1 0 0 1 0 0 1 0 0 1 0 0 1 0 0 1 0 0 1 0 0 1 0 0 1 0 0 1 0 0 1 0 0 1 0 0 1 0 0 1 0 0 1 0 0 1 0 0 1 0 0 1 0 0 1 0 0 1 0 0 1 0 0 1 0 0 1 0 0 1 0 0 1 0 0 1 0 0 1 0 0 1 0 0 1 0 0 1 0 0 1 0 0 1 0 0 1 0 0 1 0 0 1 0 0 1 0 0 1 0 0 1 0 0 1 0 0 1 0 0 1 0 0 1 0 0 1 0 0 1 0 0 1 0 0 1 0 0 1 0 0 1 0 0 1 0 0 1 0 0 1 0 0 1 0 0 1 0 0 1 0 0 1 0 0 1 0 0 1 0 0 1 0 0 1 0 0 1 0 0 1 0 0 1 0 0 1 0 0 1 0 0 1 0 0 1 0 0 1 0 0 1 0 0 1 0 0 1 0 0 1 0 0 1 0 0 1 0 0 1 0 0 1 0 0 1 0 0 1 0 0 1 0 0 1 0 0 1 0 0 1 0 0 1 0 0 1 0 0 1 0 0 1 0 0 1 0 0 1 0 0 1 0 0 1 0 0 1 0 0 1 0 0 1 0 0 1 0 0 1 0 0 1 0 0 1 0 0 1 -0.680177 0.733048 0 -0.680177 0.733048 0 -0.930872 0.365346 0 -0.930872 0.365346 0 -0.997204 -0.0747297 0 -0.997204 -0.0747297 0 -0.866032 -0.499989 0 -0.866032 -0.499989 0 -0.56331 -0.826246 0 -0.56331 -0.826246 0 -0.168507 -0.9857 0 -0.149044 -0.988825 -0.00336565 0.294757 -0.955572 0 0.294757 -0.955572 0 0.0550812 -0.998482 0 -0.965925 -0.258822 0 -0.965925 -0.258822 0 -0.707107 -0.707107 0 -0.707107 -0.707107 0 -0.275867 -0.961196 0 -0.258817 -0.96592 -0.00359178 0.965925 -0.258822 0 0.965925 -0.258822 0 0.707107 -0.707107 0 0.707107 -0.707107 0 0.258822 -0.965925 0 0.258822 -0.965925 0 -0.0176502 -0.999844 0 0.965926 0.258819 0 0.965926 0.258819 0 0.707107 0.707107 0 0.707107 0.707107 0 0.258822 0.965925 0 0.258822 0.965925 0 -0.258819 0.965926 0 -0.258819 0.965926 0 -0.707107 0.707107 0 -0.707107 0.707107 0 -0.874734 0.484604 0 -0.96592 0.258817 -0.00359107 -0.970353 0.241693 0 -0.258822 -0.965925 0 -0.258822 -0.965925 0 0.258822 -0.965925 0 0.258822 -0.965925 0 0.707107 -0.707107 0 0.707107 -0.707107 0 0.965925 -0.258822 0 0.965925 -0.258822 0 0.965925 0.258822 0 0.965925 0.258822 0 0.857032 0.515262 0 0.707102 0.707102 -0.00359089 0.694489 0.719503 0 0.680178 -0.733047 0 0.680178 -0.733047 0 0.930871 -0.365347 0 0.930871 -0.365347 0 0.997204 -0.0747255 0 0.997142 0.0747291 -0.0111371 -0.294762 0.955571 0 -0.294762 0.955571 0 0.149048 0.98883 0 0.149048 0.98883 0 0.56332 0.826239 0 0.56332 0.826239 0 0.866028 0.499996 0 0.866028 0.499996 0 0.98883 0.149046 0 -0.680169 0.733055 0 -0.67522 0.737615 -0.00149745 -0.930872 0.365341 0.00154242 -0.926883 0.37535 -0.000925777 -0.997203 -0.0747337 0.000915119 -0.997592 -0.0693609 -0.000304785 -0.866028 -0.499996 0.00030063 -0.866022 -0.500006 0.00030326 -0.56332 -0.826239 -0.000297327 -0.558863 -0.82926 0.000893846 -0.149032 -0.988832 -0.00088271 -0.138377 -0.990379 0.00147075 0.294747 -0.955574 -0.00145424 0.301175 -0.953569 0 0.293469 0.955968 0 0.258817 0.965893 -0.00806676 0.0360712 0.999349 0 -0.188557 0.982062 0 -0.258798 0.965836 -0.0135838 -0.436322 0.899791 0 -0.626635 0.779313 0 -0.70701 0.70701 -0.0165193 -0.806997 0.590556 0 -0.965925 0.258822 0 -0.989164 0.143641 -0.030352 -0.918696 0.394965 0 -0.707107 -0.707107 0 -0.674186 -0.738468 -0.0117645 -0.84239 -0.538868 0 -0.965925 -0.258822 0 -0.941426 -0.336562 -0.0210762 -0.99668 -0.0814214 0 -0.294747 -0.955575 0 -0.302469 -0.953158 -0.00180052 0.149048 -0.988828 0.00185982 0.134393 -0.990927 -0.00155118 0.563316 -0.82624 0.00154258 0.553255 -0.833011 -0.00123552 0.866027 -0.499995 0.00122564 0.861273 -0.508142 -0.000922891 0.997203 -0.0747337 0.000911755 0.996678 -0.0814352 -0.000610479 0.930873 0.365342 0.000605533 0.932345 0.361571 -0.000305807 0.680169 0.733055 0.000299621 0.68115 0.732144 0 0.974927 0.222525 0 0.965866 0.258806 -0.0110928 0.884117 0.467265 0 0.757971 0.652288 0 0.706986 0.706985 -0.0185204 0.563332 0.826231 0 0.365332 0.930877 0 0.258758 0.965686 -0.0222416 0.11199 0.993709 0 -0.258822 0.965925 0 -0.365051 0.930187 -0.0386021 -0.111994 0.993709 0 -0.965929 0.258808 0 -0.97485 0.22249 -0.0129027 -0.884117 0.467265 0 -0.707107 0.707107 0 -0.757709 0.652083 -0.0257744 -0.563355 0.826215 0 -0.974931 -0.222509 0 -0.965869 -0.258792 -0.0110934 -0.884117 -0.467265 0 -0.757969 -0.65229 0 -0.706986 -0.706986 -0.0185204 -0.563321 -0.826238 0 -0.365345 -0.930872 0 -0.258758 -0.965686 -0.0222451 -0.111962 -0.993713 0 0.258822 -0.965925 0 0.365081 -0.930175 -0.0386131 0.111958 -0.993713 0 0.965925 -0.258822 0 0.974846 -0.222506 -0.012902 0.884117 -0.467265 0 0.707107 -0.707107 0 0.757727 -0.652062 -0.0257841 0.563298 -0.826254 0 0.999342 -0.0362781 0 0.999342 -0.0362781 0 0.997974 0.0636238 0 0.995647 0.0931759 0.00238409 0.987702 0.156345 0 0.96717 0.254132 0 0.961069 0.276302 0.00204209 0.939286 0.343134 0 0.900353 0.43516 0 0.893116 0.449825 0.00158938 0.855889 0.517159 0 0.80001 0.599987 0 0.794142 0.607732 0.00102572 0.677047 0.735939 -0.00110563 0.667593 0.744526 0.000349413 0.520476 0.853876 -0.000361264 0.517855 0.855469 0 0.247492 0.96889 0 0.247492 0.96889 0 -0.151177 0.988507 0 -0.151177 0.988507 0 -0.52578 0.850621 0 -0.52578 0.850621 0 -0.536195 0.844094 0 -0.567648 0.823267 -0.00255446 -0.403209 0.915108 0 -0.187522 0.98226 0 -0.261033 0.965316 -0.00510563 -0.0753851 0.997154 0 0.0753851 0.997154 0 0.187522 0.982256 -0.00307505 0.56765 0.82327 0 0.536194 0.844092 -0.00204795 0.403209 0.915108 0 0.261036 0.965329 0 0.52578 0.850621 0 0.52578 0.850621 0 0.151177 0.988507 0 0.151177 0.988507 0 -0.247492 0.96889 0 -0.247492 0.96889 0 -0.527365 0.849639 0 -0.517854 0.855468 -0.00147037 -0.675853 0.737035 0.0013134 -0.667593 0.744526 0 -0.749018 0.662549 0 -0.794141 0.607731 0.0020006 -0.807501 0.589866 0 -0.86461 0.502444 0 -0.893114 0.449824 0.00252962 -0.907665 0.419696 0 -0.946479 0.322764 0 -0.961067 0.276302 0.00274464 -0.999295 0.0375397 0 -0.995646 0.0931758 0.00264481 -0.99145 0.130485 0 -0.972437 0.233164 0 -0.997762 -0.0668682 0 -0.997762 -0.0668682 0 -0.941859 -0.336007 0 -0.941859 -0.336007 0 -0.724611 -0.689158 0 -0.724611 -0.689158 0 -0.382789 -0.923836 0 -0.382789 -0.923836 0 -0.985618 0.168991 0 -0.985618 0.168991 0 -0.349117 -0.937079 0 -0.349785 -0.93683 -4.42182e-5 -0.645675 -0.763612 4.37617e-5 -0.647301 -0.762235 -8.79077e-5 -0.866028 -0.499996 8.6957e-5 -0.867794 -0.496925 -0.000131024 -0.985011 -0.172491 0.000133923 -0.984145 -0.177366 -0.000178296 -0.999995 -0.00328513 0 -0.991459 0.130422 0 -0.991459 0.130422 0 -0.959132 -0.282958 0 -0.959132 -0.282958 0 -0.76192 -0.647671 0 -0.76192 -0.647671 0 -0.525216 -0.850969 0 -0.540567 -0.841298 0.00239158 -0.44991 -0.893074 0 -0.367731 -0.929932 0 -0.337287 -0.941397 0.00295519 -0.268758 -0.963208 0 -0.181016 -0.98348 0 -0.134687 -0.990882 0.00341014 -0.077473 -0.996994 0 0.0125194 -0.999922 0 0.0737664 -0.99727 0.00334207 0.116732 -0.993163 0 0.205591 -0.978638 0 0.279014 -0.960283 0.00275042 0.484762 -0.874646 0 0.472128 -0.881528 0.00163604 0.390908 -0.92043 0 0.306529 -0.951861 0 0.715333 -0.698783 0 0.715333 -0.698783 0 0.931664 -0.36332 0 0.931664 -0.36332 0 0.999549 0.0300262 0 0.999549 0.0300262 0 0.82588 -0.563847 0 0.756897 -0.653527 -0.00307559 0.429149 -0.903234 0 0.462913 -0.886402 -0.00204818 0.590923 -0.806728 0 0.705472 -0.708738 0 0.999105 0.042304 0 0.996795 0.0799616 -0.00255484 0.994108 -0.108393 0 0.944424 -0.328731 0 0.966505 -0.256597 -0.00510559 0.901253 -0.433293 0 0.473767 -0.88065 0 0.473767 -0.88065 0 0.780478 -0.625184 0 0.780478 -0.625184 0 0.962831 -0.270103 0 0.962831 -0.270103 0 -0.211058 0.684214 -0.698073 -0.211054 0.68422 -0.698068 0.106724 0.708036 -0.698065 0.106715 0.708029 -0.698073 0.403351 0.591608 -0.698075 0.403352 0.591608 -0.698074 0.6201 0.358011 -0.698072 0.62009 0.358013 -0.698079 0.70312 0.105981 -0.703129 0.70313 0.10597 -0.70312 0.706121 -0.0529132 -0.706111 0.706123 -0.0529203 -0.706109 0.666535 -0.261601 -0.698066 0.666531 -0.261591 -0.698073 0.487025 -0.52488 -0.698075 0.487024 -0.524885 -0.698071 0.215491 -0.682278 -0.698613 0.215493 -0.682274 -0.698617 -0.0991111 -0.70935 -0.697854 -0.0991133 -0.709351 -0.697852 -0.400281 -0.593951 -0.697852 -0.400278 -0.593951 -0.697854 -0.620278 -0.358123 -0.697856 -0.620286 -0.358121 -0.69785 -0.71452 -0.0496793 -0.697849 -0.71452 -0.0496793 -0.697849 -0.663875 0.268842 -0.69785 -0.663874 0.268842 -0.69785 -0.483122 0.527766 -0.698611 -0.483122 0.527763 -0.698613 -0.482344 -0.528334 -0.698718 -0.482344 -0.528334 -0.698718 0.21016 0.6846 -0.697965 0.210164 0.684602 -0.697962 0.0255145 0.706879 -0.706874 -0.1126 0.727175 -0.677154 -0.13453 0.700674 -0.700684 -0.30894 0.637065 -0.70619 -0.308928 0.637076 -0.706185 -0.445717 0.554313 -0.702904 -0.445716 0.554314 -0.702903 -0.572304 0.418808 -0.705031 -0.655816 0.370434 -0.657787 -0.651869 0.280251 -0.704646 -0.714732 0.0448626 -0.697959 -0.77 0.111815 -0.62817 -0.705935 -0.0576697 -0.705925 -0.662686 -0.271482 -0.697958 -0.706185 -0.252463 -0.661488 -0.59597 -0.381235 -0.706739 0.48779 0.524309 -0.69797 0.487809 0.524309 -0.697956 0.667692 0.258936 -0.697953 0.667679 0.258942 -0.697964 0.713757 -0.0583187 -0.697961 0.713763 -0.0583257 -0.697955 0.616793 -0.363902 -0.697955 0.616791 -0.363894 -0.697961 0.396207 -0.596552 -0.697958 0.39621 -0.596537 -0.697969 0.096242 -0.709628 -0.697973 0.0962278 -0.709647 -0.697955 -0.216387 -0.681892 -0.698713 -0.216379 -0.681888 -0.698719 0.698079 0.159327 -0.698069 0.69807 0.159333 -0.698077 0.625384 0.330522 -0.70686 0.575569 0.459008 -0.67678 0.540664 0.46528 -0.700855 0.398896 0.585054 -0.706111 0.324793 0.674418 -0.663076 0.259773 0.66191 -0.703131 0.0794376 0.704863 -0.704882 0 0.752712 -0.65835 -0.0794401 0.704861 -0.704883 -0.310676 0.645106 -0.698082 -0.282147 0.718937 -0.635234 -0.398909 0.585038 -0.706118 -0.559812 0.446433 -0.698075 -0.69807 0.159321 -0.69808 -0.69808 0.159337 -0.698066 -0.625392 0.330526 -0.706851 -0.563577 0.485013 -0.668688 -0.698068 -0.159332 -0.698079 -0.698082 -0.159324 -0.698067 -0.625387 -0.330524 -0.706856 -0.575574 -0.459002 -0.676781 -0.540656 -0.465276 -0.700863 -0.398879 -0.58506 -0.706117 -0.398887 -0.585057 -0.706114 -0.259786 -0.661913 -0.703124 -0.259785 -0.661913 -0.703124 0 -0.716028 -0.698071 -0.089803 -0.797043 -0.597208 0.079416 -0.704877 -0.70487 0.310674 -0.645121 -0.698069 0.282162 -0.718908 -0.63526 0.398872 -0.585072 -0.70611 0.559814 -0.446443 -0.698067 0.698078 -0.159335 -0.698068 0.698071 -0.159323 -0.698078 0.625379 -0.330519 -0.706865 0.563574 -0.484984 -0.668711 0.302453 0.953164 0 0.294756 0.955572 0.000280592 -0.134377 0.99093 -0.0002831 -0.149048 0.98883 0.000235718 -0.553277 0.832997 -0.000237058 -0.563317 0.826241 0.000189118 -0.861273 0.508143 -0.000191321 -0.86603 0.499991 0.000143121 -0.996678 0.0814394 -0.000143709 -0.997204 0.0747314 9.61342e-5 -0.932342 -0.361577 -9.62404e-5 -0.930877 -0.365332 4.82939e-5 -0.681164 -0.732131 -4.8813e-5 -0.680173 -0.733052 0 -0.258814 -0.965927 0 -0.29475 -0.955573 0.00156874 -0.0373708 -0.999301 0 0.258814 -0.965927 0 0.185916 -0.982561 0.00313483 0.433854 -0.900983 0 0.707116 -0.707098 0 0.623492 -0.781816 0.00469743 0.804607 -0.593808 0 0.91655 -0.399921 0 0.965918 -0.258834 0.00270529 0.98883 -0.149046 0 0.997204 0.0747257 0 0.96592 0.25883 0.00225237 0.680184 0.733041 0 0.707115 0.707097 0.00134862 0.846725 0.532031 0 0.943876 0.3303 0 -0.974933 -0.2225 0 -0.974933 -0.2225 0 -0.781823 -0.6235 0 -0.781823 -0.6235 0 -0.433878 -0.900971 0 -0.433878 -0.900971 0 0 -1 0 0 -1 0 0.433878 -0.900971 0 0.433878 -0.900971 0 0.781833 -0.623488 0 0.781833 -0.623488 0 0.974928 -0.222519 0 0.974928 -0.222519 0 0.965926 0.258819 0 0.974926 0.222523 0.00156858 0.88412 0.467261 0 0.707116 0.707098 0 0.757971 0.652281 0.00313489 0.563343 0.826223 0 0.258814 0.965927 0 0.365344 0.930861 0.00469791 0.111945 0.993714 0 -0.111945 0.993714 0 -0.258813 0.965924 0.00270532 -0.365348 0.930871 0 -0.563343 0.826223 0 -0.707114 0.707096 0.00225184 -0.974932 0.222504 0 -0.965925 0.258818 0.00134932 -0.884069 0.467357 0 -0.757974 0.652285 0 -0.680184 0.733042 0 -0.680184 0.733042 0 -0.930874 0.365339 0 -0.930874 0.365339 0 -0.997204 -0.0747314 0 -0.997204 -0.0747314 0 -0.86603 -0.499991 0 -0.86603 -0.499991 0 -0.563317 -0.826241 0 -0.563317 -0.826241 0 -0.149048 -0.98883 0 -0.149048 -0.98883 0 0.294756 -0.955572 0 0.294756 -0.955572 0 0.675227 -0.73761 0 0.680173 -0.733052 0.000235447 0.926886 -0.375344 -0.000238554 0.93087 -0.36535 0.000142646 0.997592 0.0693493 -0.00014519 0.997204 0.0747314 4.83058e-5 0.866023 0.500003 -4.88184e-5 0.866022 0.500007 -4.86791e-5 0.558867 0.829257 4.93575e-5 0.563317 0.826241 -0.000147976 0.138371 0.99038 0.000150215 0.149051 0.988829 -0.000250544 -0.301164 0.953572 0.000242346 -0.294751 0.955574 0 -0.965927 -0.258814 0 -0.974931 -0.222504 -0.00156925 -0.757963 -0.652296 0.0013487 -0.781823 -0.6235 0 -0.563343 -0.826223 0 -0.433894 -0.900962 0.00180558 -0.365348 -0.930871 0 -0.111986 -0.99371 0 0 -0.999998 0.00203251 0.111986 -0.99371 0 0.433895 -0.900963 0 0.365347 -0.930868 0.00269571 0.563343 -0.826223 0 0.757964 -0.652297 0 0.781833 -0.623487 0.00112727 0.965926 -0.258814 -0.00134843 0.974927 -0.222524 0 0.965927 0.258814 0 0.974926 0.222523 0.00156841 0.884146 0.46721 0 0.707107 0.707107 0 0.75796 0.652294 0.0031347 0.563343 0.826223 0 0.258814 0.965927 0 0.365344 0.930861 0.00469791 0.111945 0.993714 0 -0.111945 0.993714 0 -0.258813 0.965924 0.00270532 -0.365348 0.930871 0 -0.563343 0.826223 0 -0.707105 0.707105 0.00225169 -0.974932 0.222504 0 -0.965926 0.258814 0.00134915 -0.884096 0.467306 0 -0.757964 0.652297 0 -0.258814 -0.965927 0 -0.301183 -0.953565 0.00185123 -0.0440702 -0.999028 0 0.258814 -0.965927 0 0.181938 -0.983304 0.00330411 0.430233 -0.902718 0 0.707116 -0.707098 0 0.622436 -0.782657 0.00475371 0.803805 -0.594893 0 0.917102 -0.398653 0 0.965922 -0.258818 0.00271278 0.98903 -0.147714 0 0.996896 0.0787269 0 0.965925 0.258814 0.00232311 0.675227 0.73761 0 0.707115 0.707097 0.00154459 0.843146 0.537684 0 0.942539 0.334095 0 0.294751 0.955574 0 0.294751 0.955574 0 -0.149052 0.988829 0 -0.149052 0.988829 0 -0.563317 0.826241 0 -0.563317 0.826241 0 -0.866022 0.500007 0 -0.866022 0.500007 0 -0.997204 0.0747314 0 -0.997204 0.0747314 0 -0.93087 -0.36535 0 -0.93087 -0.36535 0 -0.680173 -0.733052 0 -0.680173 -0.733052 0 0.674233 -0.738519 0 0.680173 -0.733051 0.00028088 0.925362 -0.379085 -0.000282983 0.930877 -0.365332 0.000235733 0.998037 0.0626301 -0.000237061 0.997204 0.0747314 0.000190139 0.870698 0.491818 -0.000190573 0.86603 0.499991 0.000142898 0.568869 0.822429 -0.000144269 0.563317 0.826241 9.57708e-5 0.153043 0.98822 -9.68925e-5 0.149048 0.98883 4.80089e-5 -0.293455 0.955973 -4.91045e-5 -0.294756 0.955572 0 -0.707116 0.707098 0 -0.680183 0.73304 0.00156861 -0.846725 0.532031 0 -0.965923 0.258831 0 -0.943871 0.330298 0.00313569 -0.997204 0.0747257 0 -0.965922 -0.258835 0 -0.988819 -0.149045 0.00469786 -0.91655 -0.399921 0 -0.804607 -0.593808 0 -0.707113 -0.707095 0.00270507 -0.623498 -0.781825 0 -0.433854 -0.900983 0 -0.258814 -0.965925 0.00225177 0.294756 -0.955572 0 0.258814 -0.965926 0.00134894 0.0373663 -0.999302 0 -0.185917 -0.982565 0 0.368887 0.605186 -0.705459 0.368889 0.605188 -0.705456 0.479943 0.52169 -0.705333 0.47994 0.521685 -0.705339 0.566679 0.424995 -0.705871 0.552467 0.40039 -0.731073 0.605245 0.365711 -0.70706 0.64516 0.293716 -0.705337 0.599367 0.289687 -0.746217 0.66427 0.242667 -0.707007 0.684686 0.180117 -0.706232 0.685116 0.18002 -0.705839 0.698353 0.110763 -0.707131 0.698562 0.110577 -0.706954 0.706387 0.0450386 -0.706392 0.706395 0.0450347 -0.706384 0.706879 -0.0256646 -0.706869 0.706876 -0.025661 -0.706872 -0.37554 0.607558 -0.699888 -0.375542 0.607559 -0.699886 -0.107979 0.706047 -0.699885 -0.107977 0.706045 -0.699887 0.176773 0.692034 -0.699886 0.176771 0.692036 -0.699884 0.410616 0.579821 -0.703706 0.397438 0.57641 -0.713999 0.317284 0.631956 -0.70708 0.285212 0.647308 -0.706857 0.218712 0.702501 -0.677243 0.185173 0.684781 -0.704831 0 0.711138 -0.703053 0.0590628 0.781251 -0.621417 -0.0533814 0.7061 -0.706097 -0.211394 0.678994 -0.703051 -0.403675 0.585455 -0.703056 -0.403675 0.585456 -0.703056 -0.285212 0.647308 -0.706857 -0.194846 0.720552 -0.665462 -0.176773 0.692036 -0.699884 -0.176771 0.692034 -0.699886 0.107979 0.706045 -0.699886 0.107978 0.706047 -0.699885 0.375541 0.60756 -0.699886 0.375541 0.607557 -0.699888 -0.706318 -0.0473368 -0.70631 -0.706319 -0.0473362 -0.706309 -0.706863 0.0265603 -0.706852 -0.706856 0.0265539 -0.706858 -0.701582 0.092559 -0.706552 -0.701272 0.0922945 -0.706894 -0.688257 0.165248 -0.706396 -0.688026 0.16497 -0.706687 -0.669596 0.228343 -0.706754 -0.609108 0.249308 -0.752883 -0.642395 0.297038 -0.706469 -0.611546 0.355383 -0.706904 -0.548614 0.373265 -0.748129 -0.571709 0.417624 -0.706215 -0.529701 0.468551 -0.70702 -0.466261 0.486235 -0.739037 -0.478714 0.522051 -0.705901 -0.373926 0.602434 -0.705162 -0.373919 0.602427 -0.705171 -0.273629 -0.660386 -0.699298 -0.273631 -0.660382 -0.699301 -0.517975 -0.492632 -0.699296 -0.517974 -0.492643 -0.69929 -0.673276 -0.240191 -0.699291 -0.673273 -0.240181 -0.699297 -0.248705 -0.667559 -0.701791 -0.248707 -0.667561 -0.701789 -0.459969 -0.543985 -0.70179 -0.459974 -0.543986 -0.701786 -0.616946 -0.35619 -0.701788 -0.616942 -0.35619 -0.701791 -0.701089 -0.126353 -0.70179 -0.701087 -0.126354 -0.701792 -0.707104 -0.00232294 -0.707106 -0.707111 -0.0020656 -0.7071 -0.701972 0.120358 -0.701961 -0.701967 0.120353 -0.701967 -0.544639 -0.462971 -0.699304 -0.544639 -0.46298 -0.699299 -0.68562 -0.202268 -0.699294 -0.685613 -0.202248 -0.699307 -0.708718 0.0932283 -0.699305 -0.708724 0.0932212 -0.699299 0.343475 -0.619724 -0.705668 -0.382953 -0.595999 -0.705785 -0.382951 -0.595991 -0.705793 0.343474 -0.619724 -0.705668 0.276428 -0.650875 -0.707071 0.220064 -0.651111 -0.726379 0.217059 -0.67403 -0.706094 0.145404 -0.692142 -0.706963 0.0979675 -0.667313 -0.738306 0.082619 -0.702928 -0.706446 0.0088566 -0.707375 -0.706783 -0.0230244 -0.669181 -0.742742 -0.0548118 -0.705368 -0.706719 -0.150858 -0.692294 -0.70567 -0.118405 -0.643305 -0.756398 -0.19009 -0.681268 -0.706923 -0.272466 -0.654057 -0.705671 -0.249146 -0.63005 -0.735502 -0.318161 -0.631552 -0.707047 0.713939 0.0214465 -0.69988 0.713941 0.0214484 -0.699878 0.665451 -0.259505 -0.69988 0.66545 -0.259506 -0.699881 0.510933 -0.499112 -0.699881 0.510929 -0.499112 -0.699884 0.305179 -0.642328 -0.703051 0.305181 -0.642319 -0.703059 0.417993 -0.570644 -0.706858 0.499024 -0.540656 -0.67725 0.500447 -0.502764 -0.704827 0.584812 -0.399284 -0.706093 0.584813 -0.399265 -0.706103 0.638189 -0.306816 -0.706101 0.638189 -0.306821 -0.706099 0.69372 -0.156422 -0.703054 0.708865 0.0568643 -0.703048 0.708862 0.0568665 -0.703052 0.703195 -0.0766734 -0.706851 0.721439 -0.191534 -0.665462 0.687709 -0.192923 -0.699884 0.687703 -0.192926 -0.699889 0.557462 -0.446542 -0.699884 0.557465 -0.446541 -0.699881 0.338391 -0.629008 -0.699886 0.338396 -0.62901 -0.699882 0.974927 0.222525 0 0.965892 0.258813 -0.0083198 0.884117 0.467265 0 0.757979 0.652279 0 0.707039 0.707039 -0.013894 0.563298 0.826254 0 0.365354 0.930869 0 0.258786 0.965791 -0.0166866 0.111958 0.993713 0 -0.111962 0.993713 0 -0.258786 0.965791 -0.0166856 -0.365345 0.930872 0 -0.563321 0.826238 0 -0.707039 0.707039 -0.0138913 -0.757969 0.65229 0 -0.884117 0.467265 0 -0.965895 0.258799 -0.0083203 -0.974931 0.222509 0 -0.974931 -0.222509 0 -0.965895 -0.258799 -0.0083203 -0.884117 -0.467265 0 -0.757969 -0.65229 0 -0.707039 -0.707039 -0.0138913 -0.563321 -0.826238 0 -0.365345 -0.930872 0 -0.258786 -0.965791 -0.0166856 -0.111962 -0.993713 0 0.111958 -0.993713 0 0.258786 -0.965791 -0.0166866 0.365354 -0.930869 0 0.563298 -0.826254 0 0.707039 -0.707039 -0.013894 0.757979 -0.652279 0 0.884117 -0.467265 0 0.965892 -0.258813 -0.0083198 0.974927 -0.222525 0 0 0 -1 0 0 -1 0 0 -1 0 0 -1 0 0 -1 0 0 -1 0 0 -1 0 0 -1 0 0 -1 0 0 -1 0 0 1 0 0 1 0 0 1 0 0 1 0 0 1 0 0 1 0 0 1 -3.39829e-5 -3.50472e-5 1 0 0 1 0 0 1 0 0 1 0 0 1 0 0 1 -1.4836e-6 1.09532e-6 1 0 0 1 0 0 1 0 0 1 0 0 1 0 0 1 0 0 1 0 0 1 0 0 1 -5.93222e-7 -6.51908e-7 1 9.31108e-5 0.000255548 1 0 0 1 -1.32922e-5 -6.2379e-7 1 0 1.44044e-6 1 1.51006e-7 5.88061e-7 1 3.91396e-6 -1.22079e-5 1 0 0 1 0 0 1 0 0 1 0 0 1 0 0 1 0 0 1 5.85477e-6 2.80241e-6 1 1.29584e-5 -3.01737e-6 1 2.87608e-5 -2.35647e-5 1 0 0 1 0 0 1 0 0 1 0 0 1 0 0 1 0 0 1 0 0 1 0 0 1 0 0 1 0 0 1 0 0 1 0 0 1 0 0 1 0 0 1 0 0 1 0 0 1 0 0 1 0 0 1 0 0 1 0 0 1 0 0 1 0 0 1 0 0 1 0 0 1 0 0 1 0 0 1 0 0 1 0 0 1 0 0 1 0 0 1 0 0 1 0 0 1 0 0 1 0 0 -1 0 0 -1 0 0 -1 0 0 -1 0 0 -1 0 0 -1 0 0 -1 0 0 -1 0 0 -1 0 0 -1 0 0 -1 0 0 -1 0 0 -1 0 0 -1 0 0 -1 0.632278 0.774741 0 0.632278 0.774741 0 -0.265016 0.964244 0 -0.0399436 0.999202 0 -0.0671001 0.996578 0.0482688 -0.0710229 0.995818 0.0574715 -0.070004 0.996072 0.0542133 -0.151415 0.98847 0 -0.265016 0.964244 0 0.500345 0.865826 0 0.510442 0.858616 0.0471994 0.426805 0.904342 0.00174078 0.415506 0.90959 -0.000270272 0.320198 0.947339 0.00475555 -0.0399436 0.999202 0 0.127543 0.991833 0 0.127543 0.991833 0 0.318399 0.947957 0 0.318399 0.947957 0 1 0 0 1 0 0 1 0 0 1 0 0 1 0 0 1 0 0 1 0 0 1 0 0 1 0 0 1 0 0 1 0 0 1 0 0 1 0 0 1 0 0 1 0 0 1 0 0 1 0 0 1 0 0 1 0 0 1 0 0 0 -1 0 0 -1 0 0 -1 0 0 -1 0 0 -1 0 0 -1 0 0 -1 0 0 -1 0 0 -1 0 0 -1 0 0 -1 0 0 -1 0 0 -1 0 0 -1 0 0 -1 0 0 -1 0 0 -1 0 0 -1 0 0 -1 0 0 -1 0 -1 0 0 -1 0 0 -1 0 0 -1 0 0 -1 0 0 -1 0 0 -1 0 0 -1 0 0 -1 0 0 -1 0 0 -1 0 0 -1 0 0 -1 0 0 -1 0 0 -1 0 0 -1 0 0 -1 0 0 -1 0 0 -1 0 0 -1 0 0 0 1 0 0 1 0 0 1 0 0 1 0 0 1 0 0 1 0 0 1 0 0 1 0 0 1 0 0 1 0 0 1 0 0 1 0 0 1 0 0 1 0 0 1 0 0 1 0 0 1 0 0 1 0 0 1 0 0 1 0 0 1 0 0 1 0 0 1 0 0 1 0 0 1 0 0 1 0 0 0.965922 -0.258832 0 0.965922 -0.258832 0 0.707111 -0.707102 0 0.707111 -0.707102 0 0.258818 -0.965926 0 0.258818 -0.965926 0 -0.258818 -0.965926 0 -0.258818 -0.965926 0 -0.707111 -0.707102 0 -0.707111 -0.707102 0 -0.965927 -0.258816 0 -0.965927 -0.258816 0 -0.965927 0.258815 0 -0.965927 0.258815 0 -0.707111 0.707102 0 -0.707111 0.707102 0 -0.258818 0.965926 0 -0.258818 0.965926 0 0.258818 0.965926 0 0.258818 0.965926 0 0.707111 0.707102 0 0.707111 0.707102 0 0.965922 0.258832 0 0.965922 0.258832 0 0.965927 -0.258816 0 0.965927 -0.258816 0 0.707102 -0.707111 0 0.707102 -0.707111 0 0.258818 -0.965926 0 0.258818 -0.965926 0 -0.258823 -0.965925 0 -0.258823 -0.965925 0 -0.707102 -0.707111 0 -0.707102 -0.707111 0 -0.965927 -0.258816 0 -0.965927 -0.258816 0 -0.965927 0.258815 0 -0.965927 0.258815 0 -0.707102 0.707111 0 -0.707102 0.707111 0 -0.258823 0.965925 0 -0.258823 0.965925 0 0.258818 0.965926 0 0.258818 0.965926 0 0.707102 0.707111 0 0.707102 0.707111 0 0.965927 0.258815 0 0.965927 0.258815 0.132788 -0.858357 0.495571 0.362786 -0.858357 0.362781 0.495573 -0.858356 0.132786 -0.495569 -0.858357 0.132794 -0.362786 -0.858357 0.362781 -0.132788 -0.858357 0.495571 -0.496773 -0.860442 -0.113386 0 -0.860441 -0.509551 -0.221087 -0.860441 -0.459088 -0.398378 -0.860441 -0.317704 0.496776 -0.86044 -0.113386 0.398384 -0.86044 -0.317699 0.221083 -0.86044 -0.459091 -0.974927 0 0.222525 -0.965898 -0.00713332 0.258825 -0.884083 0 0.467331 -0.757979 0 0.652279 -0.707061 -0.0119083 0.707052 -0.563317 0 0.826241 -0.365341 0 0.930874 -0.25879 -0.0143025 0.965828 -0.111959 0 0.993713 0.111964 0 0.993712 0.258794 -0.0143018 0.965827 0.365341 0 0.930874 0.563317 0 0.826241 0.707052 -0.0119075 0.707061 0.757966 0 0.652294 0.884137 0 0.467227 0.965903 -0.00712979 0.258807 0.974927 0 0.222525 0.965927 0 -0.258813 0.965927 0 -0.258813 0.7071 0 -0.707114 0.7071 0 -0.707114 0.258821 0 -0.965925 0.258821 0 -0.965925 -0.258816 0 -0.965927 -0.258816 0 -0.965927 -0.707109 0 -0.707104 -0.707109 0 -0.707104 -0.965923 0 -0.258831 -0.965923 0 -0.258831 0.132788 -0.858357 0.495571 0.362786 -0.858357 0.362781 0.495569 -0.858357 0.132794 -0.495573 -0.858356 0.132786 -0.362786 -0.858357 0.362781 -0.132788 -0.858357 0.495571 -0.496776 -0.86044 -0.113386 0 -0.860441 -0.509551 -0.221087 -0.860441 -0.459088 -0.398384 -0.86044 -0.317699 0.496773 -0.860442 -0.113386 0.398378 -0.860441 -0.317704 0.221087 -0.860441 -0.459088 -0.974927 0 0.222525 -0.965903 -0.00712979 0.258807 -0.884137 0 0.467227 -0.757966 0 0.652294 -0.707052 -0.0119075 0.707061 -0.563317 0 0.826241 -0.365341 0 0.930874 -0.258794 -0.0143018 0.965827 -0.111964 0 0.993712 0.111959 0 0.993713 0.25879 -0.0143025 0.965828 0.365341 0 0.930874 0.563317 0 0.826241 0.707061 -0.0119083 0.707052 0.757979 0 0.652279 0.884083 0 0.467331 0.965898 -0.00713332 0.258825 0.974927 0 0.222525 0.965923 0 -0.258831 0.965923 0 -0.258831 0.707109 0 -0.707104 0.707109 0 -0.707104 0.258816 0 -0.965927 0.258816 0 -0.965927 -0.258821 0 -0.965925 -0.258821 0 -0.965925 -0.7071 0 -0.707114 -0.7071 0 -0.707114 -0.965927 0 -0.258813 -0.965927 0 -0.258813 0.577342 -0.577359 -0.57735 -0.577342 -0.577359 -0.57735 0 0.965922 0.258832 0 0.965922 0.258832 0 0.707111 0.707102 0 0.707111 0.707102 0 0.258818 0.965926 0 0.258818 0.965926 0 -0.258818 0.965926 0 -0.258818 0.965926 0 -0.707111 0.707102 0 -0.707111 0.707102 0 -0.965927 0.258815 0 -0.965927 0.258815 0 -0.965927 -0.258816 0 -0.965927 -0.258816 0 -0.707111 -0.707102 0 -0.707111 -0.707102 0 -0.258818 -0.965926 0 -0.258818 -0.965926 0 0.258818 -0.965926 0 0.258818 -0.965926 0 0.707111 -0.707102 0 0.707111 -0.707102 0 0.965922 -0.258832 0 0.965922 -0.258832 0 0.965927 0.258815 0 0.965927 0.258815 0 0.707102 0.707111 0 0.707102 0.707111 0 0.258818 0.965926 0 0.258818 0.965926 0 -0.258823 0.965925 0 -0.258823 0.965925 0 -0.707102 0.707111 0 -0.707102 0.707111 0 -0.965927 0.258815 0 -0.965927 0.258815 0 -0.965927 -0.258816 0 -0.965927 -0.258816 0 -0.707102 -0.707111 0 -0.707102 -0.707111 0 -0.258823 -0.965925 0 -0.258823 -0.965925 0 0.258818 -0.965926 0 0.258818 -0.965926 0 0.707102 -0.707111 0 0.707102 -0.707111 0 0.965927 -0.258816 0 0.965927 -0.258816 0.132789 0.858353 -0.495577 0.36279 0.858353 -0.362786 0.495579 0.858352 -0.132788 -0.495575 0.858354 -0.132796 -0.36279 0.858353 -0.362786 -0.132789 0.858353 -0.495577 -0.496779 0.860439 0.113387 0 0.860437 0.509556 -0.221092 0.860437 0.459093 -0.398383 0.860437 0.317708 0.496782 0.860436 0.113388 0.398389 0.860437 0.317703 0.221088 0.860437 0.459095 -0.496782 0.860436 0.113388 0 0.860437 0.509556 -0.221092 0.860437 0.459093 -0.398389 0.860437 0.317703 0.496779 0.860439 0.113387 0.398383 0.860437 0.317708 0.221092 0.860437 0.459093 0.132789 0.858353 -0.495577 0.36279 0.858353 -0.362786 0.495575 0.858354 -0.132796 -0.495579 0.858352 -0.132788 -0.36279 0.858353 -0.362786 -0.132789 0.858353 -0.495577 0 1 0 0 1 0 0 1 0 0 1 0 0 1 0 0 1 0 0 1 0 0 1 0 0 1 0 0 1 0 0 1 0 0 1 0 0.965927 0 0.258814 0.965927 0 0.258814 0.707102 0 0.707112 0.707102 0 0.707112 0.258821 0 0.965925 0.258821 0 0.965925 -0.258816 0 0.965927 -0.258816 0 0.965927 -0.707112 0 0.707102 -0.707112 0 0.707102 -0.965922 0 0.258832 -0.965922 0 0.258832 -0.974927 0 -0.222525 -0.974927 0 -0.222525 -0.781829 0 -0.623493 -0.781829 0 -0.623493 -0.433883 0 -0.900969 -0.433883 0 -0.900969 0 0 -1 0 0 -1 0.433883 0 -0.900969 0.433883 0 -0.900969 0.781829 0 -0.623493 0.781829 0 -0.623493 0.974927 0 -0.222525 0.974927 0 -0.222525 -0.974927 0 -0.222525 -0.974927 0 -0.222525 -0.781829 0 -0.623493 -0.781829 0 -0.623493 -0.433883 0 -0.900969 -0.433883 0 -0.900969 0 0 -1 0 0 -1 0.433883 0 -0.900969 0.433883 0 -0.900969 0.781829 0 -0.623493 0.781829 0 -0.623493 0.974927 0 -0.222525 0.974927 0 -0.222525 0.965922 0 0.258832 0.965922 0 0.258832 0.707112 0 0.707102 0.707112 0 0.707102 0.258816 0 0.965927 0.258816 0 0.965927 -0.258821 0 0.965925 -0.258821 0 0.965925 -0.707102 0 0.707112 -0.707102 0 0.707112 -0.965927 0 0.258814 -0.965927 0 0.258814 0.577347 0.577347 -0.577356 -0.707102 0 -0.707112 -0.707102 0 -0.707112 0.707102 0 -0.707112 0.707102 0 -0.707112 -0.577347 0.577347 -0.577356 0.707107 0 0.707107 0.707073 -1.93851e-7 0.707141 0.707111 6.86401e-7 0.707103 0.707107 3.05278e-7 0.707107 0.707095 -8.42937e-8 0.707119 0.707096 0 0.707117 0 0 1 0 0 1 0 0 1 0 0 1 0 0 1 0 0 1 0 0 1 0 0 1 0 0 1 0 0 1 0 0 1 0 0 1 0 0 1 0 0 1 0 0 1 0 0 1 0 0 1 0 0 1 0 0 1 0 0 1 0 0 1 0 0 1 0.577346 0.577346 0.577359 1 0 0 1 0 0 1 0 0 1 0 0 1 0 0 1 0 0 1 0 0 1 0 0 1 0 0 1 0 0 1 0 0 1 0 0 1 0 0 1 0 0 1 0 0 1 0 0 1 0 0 1 0 0 1 0 0 1 0 0 1 0 0 1 0 0 1 0 0 1 0 0 1 0 0 1 0 0 1 0 0 1 0 0 1 0 0 1 0 0 0.57734 -0.577357 0.577353 -0.965922 0 0.258832 -0.965922 0 0.258832 -0.707111 0 0.707102 -0.707111 0 0.707102 -0.258818 0 0.965926 -0.258818 0 0.965926 0.258818 0 0.965926 0.258818 0 0.965926 0.707111 0 0.707102 0.707111 0 0.707102 0.965927 0 0.258815 0.965927 0 0.258815 0.974928 0 -0.222522 0.974928 0 -0.222522 0.781833 0 -0.623488 0.781833 0 -0.623488 0.433879 0 -0.900971 0.433879 0 -0.900971 0 0 -1 0 0 -1 -0.433887 0 -0.900967 -0.433887 0 -0.900967 -0.781823 0 -0.6235 -0.781823 0 -0.6235 -0.974928 0 -0.222522 -0.974928 0 -0.222522 -0.698073 -0.698073 0.159334 -0.698074 -0.698073 0.159334 -0.625361 -0.706857 0.330569 -0.571594 -0.68228 0.455824 -0.540662 -0.700866 0.465266 -0.39888 -0.70612 0.585055 -0.321205 -0.672276 0.666987 -0.25978 -0.703129 0.661909 0 -0.698077 0.716023 -0.0876638 -0.622023 0.778076 0.0794194 -0.704877 0.70487 0.310671 -0.698079 0.645112 0.277571 -0.650206 0.707238 0.39888 -0.70612 0.585055 0.559805 -0.698079 0.446435 0.698073 -0.698073 0.159334 0.698067 -0.698082 0.159321 0.62539 -0.706868 0.330491 0.55892 -0.675462 0.480998 -0.694745 -0.694745 -0.186166 -0.694741 -0.694752 -0.186158 -0.508588 -0.694752 -0.508584 -0.508588 -0.69475 -0.508588 -0.186154 -0.69475 -0.694744 -0.186155 -0.694752 -0.694742 0.186157 -0.694752 -0.694741 0.186158 -0.694751 -0.694742 0.508582 -0.694751 -0.508592 0.508582 -0.694751 -0.508592 0.694744 -0.694751 -0.186152 0.694748 -0.694748 -0.186149 -0.965927 0 0.258815 -0.965927 0 0.258815 -0.707111 0 0.707102 -0.707111 0 0.707102 -0.258818 0 0.965926 -0.258818 0 0.965926 0.258818 0 0.965926 0.258818 0 0.965926 0.707111 0 0.707102 0.707111 0 0.707102 0.965922 0 0.258832 0.965922 0 0.258832 0.974928 0 -0.222522 0.974928 0 -0.222522 0.781823 0 -0.6235 0.781823 0 -0.6235 0.433887 0 -0.900967 0.433887 0 -0.900967 0 0 -1 0 0 -1 -0.433887 0 -0.900967 -0.433887 0 -0.900967 -0.781833 0 -0.623488 -0.781833 0 -0.623488 -0.974928 0 -0.222522 -0.974928 0 -0.222522 -0.698075 -0.698075 0.159323 -0.698064 -0.698083 0.159331 -0.62539 -0.706868 0.330491 -0.57159 -0.682277 0.455832 -0.540651 -0.700867 0.465276 -0.39888 -0.70612 0.585055 -0.321205 -0.672276 0.666987 -0.25978 -0.703129 0.661909 0 -0.698077 0.716023 -0.087668 -0.622019 0.778079 0.0794159 -0.704876 0.70487 0.310671 -0.698079 0.645112 0.277571 -0.650206 0.707238 0.39888 -0.70612 0.585055 0.559812 -0.698078 0.446428 0.698073 -0.698073 0.159334 0.698074 -0.698073 0.159334 0.625361 -0.706857 0.330569 0.558927 -0.675466 0.480985 -0.694747 -0.694747 -0.186153 -0.694745 -0.69475 -0.186148 -0.508582 -0.694751 -0.508592 -0.508582 -0.694751 -0.508592 -0.186157 -0.694751 -0.694742 -0.186158 -0.694752 -0.694741 0.186153 -0.694752 -0.694742 0.186155 -0.694751 -0.694743 0.50859 -0.694749 -0.508586 0.508586 -0.694752 -0.508586 0.694739 -0.694753 -0.186164 0.694746 -0.694746 -0.186159 -0.422066 -0.576396 -0.699734 -0.149184 -0.699887 -0.6985 -0.150132 -0.699098 -0.699087 0.422066 -0.576396 -0.699734 0.150227 -0.699543 -0.698621 0.149327 -0.699184 -0.699173 0 -0.707112 -0.707102 0 -0.707112 -0.707102 0.707096 -0.707117 0 0.707096 -0.707117 0 -0.707096 -0.707117 0 -0.707096 -0.707117 0 0 -0.707112 -0.707102 0 -0.707112 -0.707102 -0.57734 -0.577357 0.577353 -1 0 0 -1 0 0 -1 0 0 -1 0 0 -1 0 0 -1 0 0 -1 0 0 -1 0 0 -1 0 0 -1 0 0 -1 0 0 -1 0 0 -1 0 0 -1 0 0 -1 0 0 -1 0 0 -1 0 0 -1 0 0 -1 0 0 -1 0 0 -1 0 0 -1 0 0 -1 0 0 -1 0 0 -1 0 0 -1 0 0 -1 0 0 -1 0 0 -1 0 0 -1 0 0 -0.577346 0.577346 0.577359 -0.965922 0 -0.258832 -0.965922 0 -0.258832 -0.707111 0 -0.707102 -0.707111 0 -0.707102 -0.258818 0 -0.965926 -0.258818 0 -0.965926 0.258818 0 -0.965926 0.258818 0 -0.965926 0.707111 0 -0.707102 0.707111 0 -0.707102 0.965927 0 -0.258816 0.965927 0 -0.258816 0.974928 0 0.222522 0.974928 0 0.222522 0.781833 0 0.623488 0.781833 0 0.623488 0.433883 0 0.900969 0.433883 0 0.900969 0 0 1 0 0 1 -0.433891 0 0.900965 -0.433891 0 0.900965 -0.781823 0 0.6235 -0.781823 0 0.6235 -0.974928 0 0.222522 -0.974928 0 0.222522 0.974928 0 0.222522 0.974928 0 0.222522 0.781823 0 0.6235 0.781823 0 0.6235 0.433891 0 0.900965 0.433891 0 0.900965 0 0 1 0 0 1 -0.433891 0 0.900965 -0.433891 0 0.900965 -0.781833 0 0.623488 -0.781833 0 0.623488 -0.974928 0 0.222522 -0.974928 0 0.222522 -0.965927 0 -0.258816 -0.965927 0 -0.258816 -0.707111 0 -0.707102 -0.707111 0 -0.707102 -0.258818 0 -0.965926 -0.258818 0 -0.965926 0.258818 0 -0.965926 0.258818 0 -0.965926 0.707111 0 -0.707102 0.707111 0 -0.707102 0.965922 0 -0.258832 0.965922 0 -0.258832 0.965921 0 0.258837 0.965921 0 0.258837 0.70711 0 0.707103 0.70711 0 0.707103 0.258814 0 0.965927 0.258814 0 0.965927 -0.258821 0 0.965925 -0.258821 0 0.965925 -0.70711 0 0.707103 -0.70711 0 0.707103 -0.965921 0 0.258837 -0.965921 0 0.258837 -0.965921 0 -0.258837 -0.965921 0 -0.258837 -0.70711 0 -0.707103 -0.70711 0 -0.707103 -0.258821 0 -0.965925 -0.258821 0 -0.965925 0.258814 0 -0.965927 0.258814 0 -0.965927 0.70711 0 -0.707103 0.70711 0 -0.707103 0.965921 0 -0.258837 0.965921 0 -0.258837 -0.694755 0.694735 0.186169 -0.694751 0.694741 0.186161 -0.508597 0.694742 0.50859 -0.508597 0.694739 0.508594 -0.186156 0.69474 0.694754 -0.186158 0.694741 0.694752 0.186159 0.694741 0.694751 0.18616 0.69474 0.694752 0.508591 0.69474 0.508598 0.50859 0.69474 0.508598 0.694754 0.69474 0.186155 0.694758 0.694737 0.186152 0.698084 0.698063 -0.159336 0.698077 0.698072 -0.159323 0.559812 0.698071 -0.446438 0.559812 0.69807 -0.44644 0.310673 0.698069 -0.645121 0.310674 0.698071 -0.645119 0 0.698069 -0.716031 0 0.698069 -0.716031 -0.310673 0.698071 -0.64512 -0.310675 0.698069 -0.64512 -0.559813 0.69807 -0.446439 -0.559823 0.698063 -0.446437 -0.698084 0.698062 -0.159336 -0.698083 0.698063 -0.159336 0.698084 0.698063 -0.159336 0.698084 0.698062 -0.159336 0.559819 0.698062 -0.446444 0.559819 0.698069 -0.446433 0.310673 0.698069 -0.645121 0.310674 0.698071 -0.645119 0 0.698069 -0.716031 0 0.698069 -0.716031 -0.310673 0.698071 -0.64512 -0.310675 0.698069 -0.64512 -0.559813 0.69807 -0.446439 -0.559812 0.698071 -0.44644 -0.698074 0.698073 -0.159334 -0.698085 0.698064 -0.159325 -0.694757 0.694736 0.186156 -0.694755 0.69474 0.186151 -0.508591 0.69474 0.508598 -0.508591 0.69474 0.508598 -0.18616 0.69474 0.694752 -0.18616 0.694741 0.694751 0.186156 0.694742 0.694752 0.186158 0.69474 0.694753 0.508599 0.694738 0.508592 0.508595 0.694741 0.508592 0.694748 0.694742 0.186167 0.694756 0.694736 0.186162 0.707107 0.707107 0 0.707107 0.707107 0 0.707107 0.707107 0 0 0.707101 -0.707112 0 0.707101 -0.707112 0.330606 0.629512 -0.703145 0.113883 0.703254 -0.701758 0.114696 0.702435 -0.702446 -0.330606 0.629512 -0.703145 -0.114793 0.703025 -0.70184 -0.114003 0.702492 -0.702502 0 0.707101 -0.707112 0 0.707101 -0.707112 -0.707107 0.707107 0 -0.707107 0.707107 0 -0.707107 0.707107 0 0 0 1 0 0 1 0 0 1 0 0 1 1 0 0 1 0 0 1 0 0 1 0 0 1 0 0 0.993463 -0.114156 0 0.973588 -0.22674 0.0267504 0.941677 -0.336518 0 0.773534 -0.633755 0 0.773534 -0.633755 0 0.413981 -0.910285 0 0.352427 -0.933932 0.0597134 0.556003 -0.83118 0 0.256744 -0.966479 0 0.256744 -0.966479 0 0.978387 -0.206784 0 0.980933 -0.194052 0.0107372 0.811068 -0.584842 -0.0113714 0.813275 -0.581824 -0.00809018 0.505114 -0.863022 0.00730953 0.497129 -0.867677 0 0 0 1 0 0 1 0 0 1 0 0 1 0 0 1 0 0 1 0 0 1 0 0 1 0 0 1 -1 0 0 -1 0 0 -1 0 0 -1 0 0 -1 0 0 0.965929 -0.258806 0 0.965929 -0.258806 0 0.707088 -0.707125 0 0.707088 -0.707125 0 0.25884 -0.96592 0 0.25884 -0.96592 0 -0.25884 -0.96592 0 -0.25884 -0.96592 0 -0.575533 -0.817779 0 -0.706902 -0.706902 -0.0240484 -0.767661 -0.640856 0 -0.96592 -0.25884 0 -0.96592 -0.25884 0 -0.96592 0.25884 0 -0.96592 0.25884 0 -0.707107 0.707107 0 -0.707107 0.707107 0 -0.25884 0.96592 0 -0.25884 0.96592 0 0.25884 0.96592 0 0.25884 0.96592 0 0.707088 0.707125 0 0.995973 0.0896556 0 0.96565 0.258731 -0.0240317 0.938854 0.344315 0 0.707088 0.707125 0 -0.356397 0.934335 0 -0.356397 0.934335 0 0.294737 -0.955578 0 0.294737 -0.955578 0 -0.149063 -0.988828 0 -0.149063 -0.988828 0 -0.56328 -0.826266 0 -0.56328 -0.826266 0 -0.866036 -0.499981 0 -0.866036 -0.499981 0 -0.997206 -0.0747028 0 -0.997206 -0.0747028 0 -0.930877 0.365334 0 -0.930877 0.365334 0 -0.680181 0.733045 0 -0.742787 0.668799 -0.0312392 -0.575604 0.817729 0 0.96526 -0.261292 0 0.96526 -0.261292 0 0.706498 -0.707715 0 0.706498 -0.707715 0 -0.697702 -0.162489 0.697717 -0.697724 -0.162453 0.697703 -0.596475 -0.384064 0.704778 -0.5965 -0.384007 0.704789 -0.493857 -0.509292 0.704789 -0.493844 -0.50931 0.704785 -0.296567 -0.652109 0.697712 -0.296567 -0.652109 0.697712 -0.707099 0 0.707115 -0.707099 0 0.707115 0.330605 0.629509 0.703149 0.114792 0.703021 0.701843 0.114004 0.702489 0.702505 0 0.707099 0.707115 0 0.707099 0.707115 0.707099 0 0.707115 0.707099 0 0.707115 0 -0.707109 0.707104 0 -0.707109 0.707104 0.422064 -0.576394 0.699737 0.149184 -0.699883 0.698504 0.150131 -0.699095 0.69909 0 -1 0 0 -1 0 0 -1 0 0 -1 0 0 -1 0 0 -1 0 0 -1 0 0 -1 0 0 -1 0 0 -1 0 0 -1 0 0 -1 0 0 -1 0 0 -1 0 -0.00392445 -0.999985 0.00386959 -0.000206598 -1 -0.000206598 0.00389457 -0.999988 -0.00307373 0 -1 0 0 -1 0 0.00149848 -0.999998 -0.00118698 0 -1 0 0 -1 0 0 -1 0 0 -1 0 0 -1 0 0 -1 0 0 -1 0 0 -1 0 0 -1 0 0 -1 0 0 -1 0 0 -1 0 0 -1 0 0 -1 0 0 -1 0 0 -1 0 0 -1 0 0 -1 0 0 -1 0 0 -1 0 0 -1 0 0 -1 0 0 -1 0 0 -1 0 0 -1 0 0 -1 0 0 -1 0 0 -1 0 0 -1 0 0 -1 0 0 -1 0 0 -1 0 0 -1 0 0 -1 0 0 -1 0 0 -1 0 0 -1 0 0 -1 0 0 -1 0 0 -1 0 0 -1 0 0 -1 0 0 -1 0 0 -1 0 0 -1 0 0 -1 0 0 -1 0 0 -1 0 0 -1 0 0 -1 0 0 -1 0 0 -1 0 0 -1 0 0 -1 0 0 -1 0 -0.150131 -0.699095 0.69909 -0.1442 -0.704008 0.695398 -0.413695 -0.578613 0.702896 -0.461103 -0.629708 0.625182 0 -0.707109 0.707104 0 -0.707109 0.707104 -0.707099 0 0.707115 -0.707099 0 0.707115 0 0.707099 0.707115 0 0.707099 0.707115 -0.330605 0.629509 0.703149 -0.113883 0.703251 0.701762 -0.114696 0.702433 0.702448 0 1 0 0 1 0 0 1 0 0 1 0 0 1 0 0 1 0 0 1 0 0 1 0 0 1 0 0 1 0 0 1 0 0 1 0 0 1 0 0 1 0 0 1 0 0 1 0 0 1 0 0 1 0 0 1 0 0 1 0 0 1 0 0 1 0 0 1 0 0 1 0 0 1 0 0 1 0 0 1 0 0 1 0 0 1 0 0 1 0 0 1 0 0 1 0 0 1 0 0 1 0 0 1 0 0 1 0 0 1 0 0 1 0 0 1 0 0 1 0 0 1 0 0 1 0 0 1 0 0 1 0 0 1 0 0 1 0 0 1 0 0 1 0 0 1 0 0 1 0 0 1 0 0 1 0 0 1 0 0 1 0 0 1 0 0 1 0 0 1 0 0 1 0 0 1 0 0 1 0 0 1 0 0 1 0 0 1 0 0 1 0 0 1 0 0 1 0 0 1 0 0 1 0 0 1 0 0 1 0 0 1 0 0 1 0 0 1 0 0 1 0 0 1 0 0 1 0 0 1 0 0 1 0 0 1 0 0 1 0 0 1 0 0 1 0 0 1 0 0 1 0 0 1 0 0 1 0 0 1 0 0 1 0 0 1 0 0 1 0 0 1 0 0 1 0 0 1 0 0 1 0 0 1 0 0 1 0 0 1 0 0 1 0 0 1 0 0 1 0 0 1 0 0 1 0 0.707099 0 0.707115 0.707099 0 0.707115 0.296567 -0.652109 0.697712 0.296567 -0.652109 0.697712 0.554145 -0.454009 0.69771 0.554139 -0.454024 0.697705 0.697711 -0.162491 0.697708 0.697706 -0.162449 0.697722 0.181717 -0.684051 0.706436 0.170768 -0.665023 0.727037 0.217714 -0.672761 0.707102 0.355023 -0.619617 0.700024 0.355006 -0.619618 0.700032 0.468644 -0.529507 0.707104 0.475747 -0.523008 0.707196 0.577129 -0.412883 0.704592 0.553092 -0.423969 0.717175 0.719357 -0.142306 0.679908 1 0 0 1 0 0 1 0 0 1 0 0 1 0 0 0.999653 0.0263365 0 0.999653 0.0263365 0 0.998616 0.0526042 0 0.998616 0.0526042 0 -0.175994 -0.685372 0.706605 -0.17696 -0.666143 0.724527 -0.217709 -0.672763 0.707102 -0.956858 0.290557 0 -0.956858 0.290557 0 -0.353057 -0.935602 0 -0.413603 -0.909455 0.0427079 -0.554737 -0.832026 0.000401654 -0.680357 -0.732881 -0.000588041 -0.696114 -0.717914 0.00492102 -0.826873 -0.56236 -0.00560952 -0.84083 -0.541298 0.000682452 -0.919669 -0.392694 -0.000355951 -0.973728 -0.226773 0.0207044 -0.98529 -0.170892 0 -0.707089 -8.88542e-7 0.707125 -0.707124 8.51294e-7 0.707089 -0.707106 4.90242e-7 0.707107 -0.707062 0 0.707152 -0.707107 5.06794e-7 0.707107 -0.707107 5.10021e-7 0.707107 -0.707096 0 0.707117 -0.989155 0.146878 0 -0.989155 0.146878 0 -0.415351 -0.468616 0.779668 -0.355016 -0.619614 0.700031 -0.355009 -0.619624 0.700025 -0.576891 -0.423329 0.698562 -0.564783 -0.40405 0.719558 -0.718424 -0.142121 0.680932 -0.256744 -0.966479 0 -0.256744 -0.966479 0 0 0 1 0 0 1 0 0 1 0 0 1 0 0 1 0 0 1 0 0 1 0 0 1 -1 0 0 -1 0 0 -1 0 0 -1 0 0 -0.505127 -0.863045 0 -0.497114 -0.867651 0.00764367 -0.811094 -0.584861 -0.00795543 -0.81325 -0.581806 -0.0111821 -0.978337 -0.206774 0.0100773 -0.980989 -0.194063 0</float_array>
                    <technique_common>
                        <accessor count="4168" source="#shape0-lib-normals-array" stride="3">
                            <param name="X" type="float"/>
                            <param name="Y" type="float"/>
                            <param name="Z" type="float"/>
                        </accessor>
                    </technique_common>
                </source>
                <vertices id="shape0-lib-vertices">
                    <input semantic="POSITION" source="#shape0-lib-positions"/>
                </vertices>
                <triangles count="4168">
                    <input offset="0" semantic="VERTEX" source="#shape0-lib-vertices"/>
                    <input offset="1" semantic="NORMAL" source="#shape0-lib-normals"/>
                    <p>0 0 1 0 2 0 3 1 4 1 5 1 5 2 4 2 6 2 5 3 6 3 7 3 7 4 6 4 8 4 7 5 8 5 2 5 2 6 8 6 9 6 2 7 9 7 0 7 10 8 11 8 12 8 12 9 11 9 13 9 12 10 13 10 14 10 14 11 13 11 15 11 14 12 15 12 16 12 16 13 15 13 17 13 16 14 17 14 18 14 18 15 17 15 19 15 18 16 19 16 20 16 20 17 19 17 21 17 20 18 21 18 22 18 22 19 21 19 23 19 22 20 23 20 24 20 24 21 23 21 25 21 24 22 25 22 26 22 26 23 25 23 27 23 26 24 27 24 28 24 28 25 27 25 29 25 28 26 29 26 30 26 29 27 31 27 30 27 30 28 31 28 32 28 30 29 32 29 33 29 33 30 32 30 34 30 33 31 34 31 35 31 35 32 34 32 36 32 35 33 36 33 37 33 37 34 36 34 38 34 37 35 38 35 39 35 39 36 38 36 40 36 39 37 40 37 41 37 41 38 40 38 42 38 41 39 42 39 43 39 43 40 42 40 44 40 43 41 44 41 45 41 45 42 44 42 46 42 45 43 46 43 47 43 47 44 46 44 48 44 47 45 48 45 49 45 49 46 48 46 50 46 49 47 50 47 51 47 51 48 50 48 52 48 51 49 52 49 53 49 53 50 52 50 54 50 53 51 54 51 3 51 3 52 54 52 55 52 3 53 55 53 4 53 18 54 56 54 57 54 18 55 57 55 16 55 16 56 57 56 58 56 16 57 58 57 14 57 14 58 58 58 59 58 14 59 59 59 12 59 12 60 59 60 10 60 10 61 59 61 60 61 10 62 60 62 61 62 61 63 60 63 62 63 61 64 62 64 63 64 63 65 62 65 64 65 63 66 64 66 65 66 65 67 64 67 66 67 65 68 66 68 67 68 67 69 66 69 68 69 67 70 68 70 69 70 69 71 68 71 70 71 69 72 70 72 71 72 71 73 70 73 72 73 71 74 72 74 73 74 73 75 72 75 74 75 73 76 74 76 75 76 75 77 74 77 76 77 75 78 76 78 77 78 77 79 76 79 78 79 77 80 78 80 79 80 79 81 78 81 80 81 79 82 80 82 81 82 81 83 80 83 1 83 1 84 80 84 82 84 1 85 82 85 2 85 2 86 82 86 83 86 2 87 83 87 7 87 7 88 83 88 84 88 7 89 84 89 5 89 5 90 84 90 85 90 5 91 85 91 3 91 3 92 85 92 86 92 3 93 86 93 53 93 53 94 86 94 87 94 53 95 87 95 51 95 51 96 87 96 88 96 51 97 88 97 49 97 49 98 88 98 89 98 49 99 89 99 47 99 47 100 89 100 90 100 47 101 90 101 45 101 45 102 90 102 91 102 45 103 91 103 43 103 43 104 91 104 92 104 43 105 92 105 41 105 41 106 92 106 93 106 41 107 93 107 39 107 39 108 93 108 94 108 39 109 94 109 37 109 37 110 94 110 95 110 37 111 95 111 35 111 35 112 95 112 96 112 35 113 96 113 33 113 33 114 96 114 97 114 33 115 97 115 30 115 30 116 97 116 98 116 30 117 98 117 28 117 28 118 98 118 99 118 28 119 99 119 26 119 26 120 99 120 100 120 26 121 100 121 24 121 24 122 100 122 101 122 24 123 101 123 22 123 22 124 101 124 102 124 22 125 102 125 20 125 20 126 102 126 56 126 20 127 56 127 18 127 62 128 60 128 91 128 62 129 91 129 64 129 64 130 91 130 90 130 64 131 90 131 89 131 76 132 74 132 64 132 89 133 88 133 64 133 64 134 88 134 87 134 64 135 87 135 86 135 76 136 64 136 78 136 93 137 99 137 94 137 94 138 99 138 98 138 98 139 97 139 94 139 94 140 97 140 96 140 94 141 96 141 95 141 101 142 100 142 91 142 91 143 100 143 99 143 91 144 99 144 92 144 92 145 99 145 93 145 86 146 85 146 64 146 64 147 85 147 84 147 64 148 84 148 83 148 74 149 72 149 64 149 64 150 72 150 70 150 64 151 70 151 66 151 66 152 70 152 68 152 60 153 59 153 91 153 91 154 59 154 58 154 91 155 58 155 57 155 57 156 56 156 91 156 91 157 56 157 102 157 91 158 102 158 101 158 83 159 82 159 64 159 64 160 82 160 80 160 64 161 80 161 78 161 103 162 104 162 105 162 106 163 107 163 108 163 106 164 108 164 109 164 109 165 108 165 110 165 109 166 110 166 111 166 111 167 110 167 112 167 111 168 112 168 113 168 114 169 115 169 116 169 114 170 116 170 117 170 117 171 116 171 118 171 117 172 118 172 119 172 119 173 118 173 120 173 120 174 118 174 121 174 120 175 121 175 122 175 121 176 123 176 122 176 122 177 123 177 124 177 122 178 124 178 125 178 124 179 126 179 125 179 125 180 126 180 127 180 125 181 127 181 128 181 128 182 127 182 129 182 128 183 129 183 130 183 130 184 129 184 131 184 130 185 131 185 132 185 132 186 131 186 133 186 132 187 133 187 134 187 134 188 133 188 135 188 134 189 135 189 136 189 136 190 135 190 137 190 136 191 137 191 138 191 138 192 137 192 139 192 138 193 139 193 140 193 140 194 139 194 141 194 140 195 141 195 142 195 142 196 141 196 143 196 142 197 143 197 144 197 144 198 143 198 145 198 144 199 145 199 146 199 146 200 145 200 147 200 147 201 145 201 148 201 147 202 148 202 149 202 148 203 150 203 149 203 149 204 150 204 151 204 149 205 151 205 152 205 152 206 151 206 153 206 152 207 153 207 154 207 154 208 153 208 155 208 154 209 155 209 156 209 156 210 155 210 157 210 156 211 157 211 158 211 158 212 157 212 159 212 158 213 159 213 160 213 160 214 159 214 107 214 160 215 107 215 106 215 161 216 104 216 162 216 162 217 104 217 103 217 161 218 162 218 163 218 163 219 162 219 164 219 163 220 164 220 112 220 112 221 164 221 113 221 165 222 112 222 166 222 165 223 166 223 167 223 167 224 166 224 108 224 167 225 108 225 168 225 168 226 108 226 107 226 168 227 107 227 169 227 143 228 170 228 171 228 171 229 170 229 172 229 171 230 172 230 148 230 148 231 172 231 173 231 148 232 173 232 150 232 150 233 173 233 174 233 150 234 174 234 151 234 151 235 174 235 175 235 151 236 175 236 153 236 153 237 175 237 176 237 153 238 176 238 177 238 177 239 176 239 178 239 177 240 178 240 179 240 179 241 178 241 180 241 179 242 180 242 181 242 181 243 180 243 169 243 181 244 169 244 107 244 141 245 182 245 143 245 143 246 182 246 183 246 143 247 183 247 170 247 184 248 185 248 141 248 141 249 185 249 186 249 141 250 186 250 182 250 137 251 187 251 184 251 184 252 187 252 188 252 184 253 188 253 185 253 189 254 190 254 137 254 137 255 190 255 191 255 137 256 191 256 187 256 133 257 192 257 189 257 189 258 192 258 193 258 189 259 193 259 190 259 131 260 194 260 133 260 133 261 194 261 195 261 133 262 195 262 192 262 129 263 196 263 131 263 131 264 196 264 197 264 131 265 197 265 194 265 127 266 198 266 129 266 129 267 198 267 199 267 129 268 199 268 196 268 121 269 200 269 123 269 123 270 200 270 201 270 123 271 201 271 124 271 124 272 201 272 202 272 124 273 202 273 126 273 126 274 202 274 203 274 126 275 203 275 127 275 127 276 203 276 204 276 127 277 204 277 198 277 200 278 121 278 205 278 205 279 121 279 118 279 205 280 118 280 206 280 206 281 118 281 207 281 207 282 118 282 116 282 207 283 116 283 208 283 208 284 116 284 209 284 209 285 116 285 115 285 209 286 115 286 210 286 115 287 114 287 211 287 211 288 114 288 212 288 211 289 212 289 213 289 213 290 212 290 214 290 104 291 215 291 105 291 105 292 215 292 216 292 105 293 217 293 103 293 103 294 217 294 218 294 217 295 219 295 218 295 219 296 220 296 218 296 218 297 220 297 221 297 111 298 113 298 221 298 113 299 164 299 221 299 221 300 164 300 162 300 221 301 162 301 218 301 218 302 162 302 103 302 222 303 214 303 106 303 106 304 214 304 212 304 106 305 212 305 160 305 160 306 212 306 114 306 160 307 114 307 158 307 222 308 106 308 221 308 221 309 106 309 109 309 221 310 109 310 111 310 114 311 149 311 152 311 149 312 114 312 147 312 147 313 114 313 117 313 147 314 117 314 119 314 152 315 154 315 114 315 114 316 154 316 156 316 114 317 156 317 158 317 119 318 120 318 147 318 147 319 120 319 122 319 147 320 122 320 146 320 146 321 122 321 125 321 146 322 125 322 128 322 138 323 140 323 128 323 132 324 134 324 136 324 140 325 142 325 128 325 128 326 142 326 144 326 128 327 144 327 146 327 138 328 128 328 136 328 136 329 128 329 130 329 136 330 130 330 132 330 221 331 220 331 223 331 222 332 221 332 224 332 224 333 221 333 223 333 225 334 216 334 215 334 215 335 104 335 226 335 226 336 104 336 161 336 13 337 165 337 167 337 13 338 167 338 15 338 15 339 167 339 168 339 15 340 168 340 17 340 17 341 168 341 169 341 17 342 169 342 19 342 163 343 112 343 165 343 165 344 227 344 163 344 163 345 227 345 226 345 163 346 226 346 161 346 228 347 222 347 224 347 213 348 214 348 228 348 228 349 214 349 222 349 19 350 169 350 180 350 8 351 209 351 9 351 9 352 209 352 229 352 19 353 180 353 21 353 21 354 180 354 178 354 21 355 178 355 23 355 23 356 178 356 176 356 23 357 176 357 25 357 25 358 176 358 175 358 25 359 175 359 27 359 27 360 175 360 174 360 27 361 174 361 29 361 29 362 174 362 31 362 31 363 174 363 173 363 31 364 173 364 32 364 173 365 172 365 32 365 32 366 172 366 170 366 32 367 170 367 34 367 34 368 170 368 183 368 34 369 183 369 36 369 183 370 182 370 36 370 36 371 182 371 186 371 36 372 186 372 38 372 186 373 185 373 38 373 38 374 185 374 188 374 38 375 188 375 40 375 188 376 187 376 40 376 40 377 187 377 191 377 40 378 191 378 42 378 191 379 190 379 42 379 42 380 190 380 193 380 42 381 193 381 44 381 193 382 192 382 44 382 44 383 192 383 195 383 44 384 195 384 46 384 195 385 194 385 46 385 46 386 194 386 197 386 46 387 197 387 48 387 197 388 196 388 48 388 48 389 196 389 199 389 48 390 199 390 50 390 50 391 199 391 198 391 50 392 198 392 52 392 198 393 204 393 52 393 52 394 204 394 203 394 52 395 203 395 54 395 203 396 202 396 54 396 54 397 202 397 201 397 54 398 201 398 55 398 55 399 201 399 200 399 55 400 200 400 4 400 4 401 200 401 205 401 4 402 205 402 6 402 205 403 206 403 6 403 6 404 206 404 207 404 6 405 207 405 8 405 8 406 207 406 208 406 8 407 208 407 209 407 210 408 115 408 230 408 230 409 115 409 211 409 230 410 211 410 231 410 231 411 211 411 213 411 232 412 233 412 234 412 223 413 220 413 219 413 235 414 236 414 233 414 232 415 237 415 224 415 217 416 105 416 216 416 216 417 235 417 217 417 217 418 235 418 233 418 217 419 233 419 219 419 219 420 233 420 232 420 219 421 232 421 223 421 223 422 232 422 224 422 238 423 236 423 235 423 225 424 238 424 216 424 216 425 238 425 235 425 239 426 225 426 226 426 226 427 225 427 215 427 227 428 165 428 13 428 239 429 226 429 10 429 10 430 226 430 227 430 10 431 227 431 11 431 11 432 227 432 13 432 228 433 224 433 240 433 240 434 224 434 237 434 237 435 232 435 241 435 241 436 232 436 234 436 213 437 228 437 231 437 231 438 228 438 240 438 9 439 210 439 0 439 0 440 210 440 230 440 0 441 230 441 1 441 1 442 230 442 231 442 1 443 231 443 242 443 69 444 71 444 238 444 238 445 71 445 236 445 236 446 71 446 234 446 236 447 234 447 233 447 10 448 61 448 239 448 239 449 61 449 225 449 1 450 242 450 81 450 81 451 242 451 241 451 81 452 241 452 79 452 61 453 63 453 225 453 225 454 63 454 65 454 225 455 65 455 238 455 238 456 65 456 67 456 238 457 67 457 69 457 71 458 73 458 234 458 234 459 73 459 75 459 234 460 75 460 241 460 241 461 75 461 77 461 241 462 77 462 79 462 240 463 237 463 241 463 242 464 231 464 241 464 241 465 231 465 240 465 243 466 244 466 245 466 246 467 247 467 248 467 248 468 247 468 249 468 248 469 249 469 250 469 250 470 249 470 251 470 250 471 251 471 252 471 252 472 251 472 253 472 252 473 253 473 254 473 254 474 253 474 255 474 254 475 255 475 256 475 256 476 255 476 257 476 256 477 257 477 258 477 258 478 257 478 259 478 258 479 259 479 260 479 260 480 259 480 261 480 260 481 261 481 262 481 262 482 261 482 263 482 262 483 263 483 245 483 245 484 263 484 264 484 245 485 264 485 243 485 265 486 266 486 267 486 267 487 266 487 268 487 267 488 268 488 269 488 269 489 268 489 270 489 269 490 270 490 271 490 271 491 270 491 272 491 271 492 272 492 273 492 272 493 274 493 273 493 273 494 274 494 275 494 273 495 275 495 276 495 276 496 275 496 277 496 276 497 277 497 278 497 278 498 277 498 279 498 278 499 279 499 280 499 280 500 279 500 281 500 280 501 281 501 282 501 282 502 281 502 283 502 282 503 283 503 284 503 284 504 283 504 285 504 284 505 285 505 286 505 286 506 285 506 287 506 286 507 287 507 288 507 288 508 287 508 289 508 288 509 289 509 290 509 290 510 289 510 291 510 290 511 291 511 292 511 292 512 291 512 293 512 292 513 293 513 294 513 294 514 293 514 295 514 294 515 295 515 296 515 296 516 295 516 297 516 296 517 297 517 246 517 246 518 297 518 298 518 246 519 298 519 247 519 258 520 299 520 300 520 258 521 300 521 256 521 256 522 300 522 301 522 256 523 301 523 254 523 254 524 301 524 302 524 254 525 302 525 252 525 252 526 302 526 303 526 252 527 303 527 250 527 250 528 303 528 304 528 250 529 304 529 248 529 248 530 304 530 305 530 248 531 305 531 246 531 246 532 305 532 306 532 246 533 306 533 296 533 296 534 306 534 307 534 296 535 307 535 294 535 294 536 307 536 308 536 294 537 308 537 292 537 292 538 308 538 309 538 292 539 309 539 290 539 290 540 309 540 310 540 290 541 310 541 288 541 288 542 310 542 311 542 288 543 311 543 286 543 286 544 311 544 312 544 286 545 312 545 284 545 284 546 312 546 313 546 284 547 313 547 282 547 282 548 313 548 314 548 282 549 314 549 280 549 280 550 314 550 315 550 280 551 315 551 278 551 278 552 315 552 316 552 278 553 316 553 276 553 276 554 316 554 317 554 276 555 317 555 273 555 273 556 317 556 318 556 273 557 318 557 271 557 271 558 318 558 319 558 271 559 319 559 269 559 269 560 319 560 320 560 269 561 320 561 267 561 267 562 320 562 265 562 265 563 320 563 321 563 265 564 321 564 322 564 322 565 321 565 323 565 322 566 323 566 324 566 324 567 323 567 325 567 324 568 325 568 326 568 326 569 325 569 327 569 326 570 327 570 328 570 328 571 327 571 329 571 328 572 329 572 330 572 330 573 329 573 331 573 330 574 331 574 332 574 332 575 331 575 333 575 332 576 333 576 334 576 334 577 333 577 335 577 334 578 335 578 336 578 336 579 335 579 337 579 336 580 337 580 338 580 338 581 337 581 339 581 338 582 339 582 340 582 340 583 339 583 341 583 340 584 341 584 342 584 342 585 341 585 244 585 244 586 341 586 343 586 244 587 343 587 245 587 245 588 343 588 344 588 245 589 344 589 262 589 262 590 344 590 345 590 262 591 345 591 260 591 260 592 345 592 299 592 260 593 299 593 258 593 304 594 303 594 302 594 313 595 302 595 314 595 314 596 302 596 315 596 313 597 312 597 302 597 302 598 312 598 311 598 302 599 311 599 310 599 335 600 300 600 299 600 333 601 302 601 335 601 335 602 302 602 301 602 335 603 301 603 300 603 321 604 320 604 302 604 302 605 320 605 319 605 302 606 319 606 318 606 310 607 309 607 302 607 302 608 309 608 308 608 302 609 308 609 307 609 307 610 306 610 302 610 302 611 306 611 305 611 302 612 305 612 304 612 299 613 345 613 335 613 335 614 345 614 344 614 335 615 344 615 343 615 343 616 341 616 335 616 335 617 341 617 339 617 335 618 339 618 337 618 333 619 331 619 302 619 302 620 331 620 329 620 302 621 329 621 327 621 318 622 317 622 302 622 302 623 317 623 316 623 302 624 316 624 315 624 327 625 325 625 302 625 302 626 325 626 323 626 302 627 323 627 321 627 346 628 347 628 348 628 349 629 350 629 351 629 349 630 351 630 352 630 352 631 351 631 353 631 352 632 353 632 354 632 354 633 353 633 355 633 354 634 355 634 356 634 357 635 346 635 358 635 358 636 346 636 348 636 349 637 359 637 360 637 360 638 359 638 361 638 360 639 361 639 358 639 358 640 361 640 357 640 362 641 359 641 349 641 349 642 352 642 362 642 362 643 352 643 354 643 362 644 354 644 363 644 363 645 354 645 356 645 363 646 356 646 364 646 364 647 356 647 365 647 366 648 367 648 368 648 368 649 367 649 369 649 364 650 365 650 370 650 370 651 365 651 371 651 370 652 371 652 372 652 372 653 371 653 373 653 372 654 373 654 374 654 374 655 373 655 375 655 374 656 375 656 376 656 376 657 375 657 377 657 376 658 377 658 378 658 378 659 377 659 379 659 379 660 377 660 380 660 379 661 380 661 381 661 380 662 382 662 381 662 381 663 382 663 383 663 381 664 383 664 384 664 384 665 383 665 385 665 384 666 385 666 386 666 385 667 387 667 386 667 386 668 387 668 388 668 386 669 388 669 389 669 388 670 390 670 389 670 389 671 390 671 391 671 389 672 391 672 392 672 391 673 393 673 392 673 392 674 393 674 394 674 392 675 394 675 395 675 394 676 396 676 395 676 395 677 396 677 397 677 395 678 397 678 398 678 397 679 399 679 398 679 398 680 399 680 400 680 398 681 400 681 401 681 400 682 402 682 401 682 401 683 402 683 403 683 401 684 403 684 404 684 403 685 405 685 404 685 404 686 405 686 406 686 404 687 406 687 407 687 407 688 406 688 408 688 407 689 408 689 409 689 408 690 410 690 409 690 409 691 410 691 411 691 409 692 411 692 412 692 411 693 413 693 412 693 412 694 413 694 414 694 412 695 414 695 415 695 415 696 414 696 416 696 415 697 416 697 417 697 417 698 416 698 418 698 417 699 418 699 419 699 418 700 420 700 419 700 419 701 420 701 421 701 419 702 421 702 366 702 366 703 421 703 422 703 366 704 422 704 367 704 423 705 424 705 425 705 425 706 424 706 426 706 424 707 427 707 426 707 428 708 429 708 430 708 346 709 428 709 347 709 347 710 428 710 430 710 431 711 348 711 432 711 432 712 348 712 347 712 433 713 431 713 432 713 348 714 431 714 358 714 358 715 431 715 434 715 358 716 434 716 360 716 360 717 434 717 435 717 360 718 435 718 349 718 349 719 435 719 350 719 259 720 355 720 353 720 259 721 353 721 261 721 261 722 353 722 351 722 261 723 351 723 263 723 263 724 351 724 350 724 263 725 350 725 264 725 436 726 383 726 437 726 437 727 383 727 382 727 437 728 382 728 438 728 438 729 382 729 380 729 438 730 380 730 439 730 439 731 380 731 377 731 439 732 377 732 440 732 440 733 377 733 375 733 440 734 375 734 441 734 441 735 375 735 373 735 441 736 373 736 442 736 442 737 373 737 371 737 442 738 371 738 443 738 443 739 371 739 365 739 443 740 365 740 444 740 444 741 365 741 356 741 444 742 356 742 355 742 445 743 387 743 436 743 436 744 387 744 385 744 436 745 385 745 383 745 446 746 390 746 445 746 445 747 390 747 388 747 445 748 388 748 387 748 447 749 393 749 446 749 446 750 393 750 391 750 446 751 391 751 390 751 448 752 396 752 447 752 447 753 396 753 394 753 447 754 394 754 393 754 449 755 399 755 448 755 448 756 399 756 397 756 448 757 397 757 396 757 450 758 402 758 449 758 449 759 402 759 400 759 449 760 400 760 399 760 451 761 405 761 450 761 450 762 405 762 403 762 450 763 403 763 402 763 452 764 408 764 451 764 451 765 408 765 406 765 451 766 406 766 405 766 453 767 416 767 454 767 454 768 416 768 414 768 454 769 414 769 455 769 455 770 414 770 413 770 455 771 413 771 456 771 456 772 413 772 411 772 456 773 411 773 452 773 452 774 411 774 410 774 452 775 410 775 408 775 416 776 453 776 418 776 418 777 453 777 457 777 418 778 457 778 420 778 420 779 457 779 421 779 421 780 457 780 458 780 421 781 458 781 422 781 422 782 458 782 367 782 367 783 458 783 459 783 367 784 459 784 460 784 461 785 462 785 463 785 463 786 462 786 464 786 463 787 464 787 460 787 460 788 464 788 368 788 427 789 429 789 426 789 426 790 429 790 428 790 366 791 368 791 428 791 368 792 464 792 428 792 428 793 464 793 462 793 428 794 462 794 426 794 426 795 462 795 425 795 346 796 357 796 417 796 417 797 357 797 361 797 417 798 361 798 415 798 415 799 361 799 359 799 415 800 359 800 412 800 412 801 359 801 409 801 409 802 379 802 381 802 346 803 417 803 428 803 428 804 417 804 419 804 428 805 419 805 366 805 359 806 362 806 409 806 409 807 362 807 363 807 409 808 363 808 364 808 409 809 381 809 407 809 407 810 381 810 384 810 407 811 384 811 386 811 364 812 370 812 409 812 409 813 370 813 372 813 409 814 372 814 374 814 389 815 392 815 386 815 386 816 392 816 395 816 386 817 395 817 398 817 398 818 401 818 386 818 386 819 401 819 404 819 386 820 404 820 407 820 374 821 376 821 409 821 409 822 376 822 378 822 409 823 378 823 379 823 465 824 423 824 425 824 466 825 467 825 468 825 430 826 429 826 427 826 468 827 467 827 469 827 470 828 432 828 347 828 424 829 423 829 471 829 471 830 468 830 424 830 424 831 468 831 469 831 424 832 469 832 427 832 427 833 469 833 470 833 427 834 470 834 430 834 430 835 470 835 347 835 470 836 469 836 472 836 432 837 470 837 433 837 433 838 470 838 472 838 434 839 431 839 473 839 473 840 431 840 433 840 264 841 350 841 243 841 243 842 350 842 435 842 243 843 435 843 244 843 244 844 435 844 434 844 244 845 434 845 473 845 268 846 459 846 458 846 268 847 458 847 270 847 270 848 458 848 457 848 270 849 457 849 272 849 272 850 457 850 274 850 274 851 457 851 453 851 274 852 453 852 275 852 453 853 454 853 275 853 275 854 454 854 455 854 275 855 455 855 277 855 455 856 456 856 277 856 277 857 456 857 452 857 277 858 452 858 279 858 279 859 452 859 451 859 279 860 451 860 281 860 281 861 451 861 450 861 281 862 450 862 283 862 283 863 450 863 449 863 283 864 449 864 285 864 285 865 449 865 448 865 285 866 448 866 287 866 287 867 448 867 447 867 287 868 447 868 289 868 289 869 447 869 446 869 289 870 446 870 291 870 291 871 446 871 445 871 291 872 445 872 293 872 293 873 445 873 436 873 293 874 436 874 295 874 295 875 436 875 437 875 295 876 437 876 297 876 297 877 437 877 298 877 298 878 437 878 438 878 298 879 438 879 247 879 438 880 439 880 247 880 247 881 439 881 440 881 247 882 440 882 249 882 249 883 440 883 441 883 249 884 441 884 251 884 251 885 441 885 442 885 251 886 442 886 253 886 253 887 442 887 443 887 253 888 443 888 255 888 255 889 443 889 444 889 255 890 444 890 257 890 257 891 444 891 355 891 257 892 355 892 259 892 460 893 459 893 463 893 463 894 459 894 474 894 463 895 474 895 461 895 461 896 474 896 475 896 462 897 461 897 425 897 425 898 461 898 465 898 476 899 466 899 471 899 471 900 466 900 468 900 477 901 471 901 465 901 465 902 471 902 423 902 338 903 433 903 336 903 336 904 433 904 472 904 336 905 472 905 334 905 334 906 472 906 332 906 328 907 466 907 326 907 326 908 466 908 476 908 326 909 476 909 324 909 328 910 330 910 466 910 466 911 330 911 332 911 466 912 332 912 467 912 467 913 332 913 472 913 467 914 472 914 469 914 338 915 340 915 433 915 433 916 340 916 342 916 433 917 342 917 473 917 473 918 342 918 244 918 324 919 476 919 322 919 322 920 476 920 478 920 322 921 478 921 265 921 474 922 459 922 268 922 478 923 475 923 265 923 265 924 475 924 474 924 265 925 474 925 266 925 266 926 474 926 268 926 475 927 477 927 461 927 461 928 477 928 465 928 477 929 476 929 471 929 475 930 478 930 477 930 477 931 478 931 476 931 479 932 480 932 481 932 481 933 482 933 479 933 479 934 482 934 483 934 479 935 483 935 484 935 484 936 483 936 485 936 484 937 485 937 486 937 486 938 485 938 487 938 486 939 487 939 488 939 488 940 487 940 489 940 488 941 489 941 490 941 489 942 491 942 490 942 490 943 491 943 492 943 490 944 492 944 493 944 492 945 494 945 493 945 493 946 494 946 495 946 493 947 495 947 496 947 497 948 498 948 499 948 499 949 498 949 496 949 499 950 496 950 500 950 500 951 496 951 495 951 501 952 498 952 497 952 497 953 502 953 501 953 501 954 502 954 503 954 501 955 503 955 504 955 503 956 505 956 504 956 504 957 505 957 506 957 504 958 506 958 507 958 507 959 506 959 508 959 507 960 508 960 509 960 508 961 510 961 509 961 509 962 510 962 511 962 509 963 511 963 512 963 511 964 513 964 512 964 512 965 513 965 514 965 512 966 514 966 515 966 481 967 480 967 516 967 516 968 480 968 515 968 516 969 515 969 517 969 517 970 515 970 514 970 518 971 519 971 520 971 521 972 512 972 522 972 523 973 524 973 525 973 526 974 527 974 528 974 526 975 528 975 529 975 527 976 526 976 530 976 530 977 526 977 531 977 530 978 531 978 532 978 524 979 533 979 525 979 525 980 533 980 534 980 525 981 534 981 535 981 535 982 534 982 532 982 535 983 532 983 536 983 537 984 538 984 539 984 539 985 538 985 540 985 541 986 542 986 539 986 543 987 544 987 545 987 545 988 544 988 546 988 545 989 546 989 547 989 542 990 548 990 539 990 539 991 548 991 549 991 539 992 549 992 537 992 537 993 549 993 550 993 537 994 550 994 551 994 551 995 550 995 552 995 551 996 552 996 553 996 553 997 552 997 554 997 554 998 552 998 555 998 554 999 555 999 556 999 556 1000 555 1000 557 1000 556 1001 557 1001 558 1001 558 1002 557 1002 559 1002 558 1003 559 1003 543 1003 543 1004 559 1004 560 1004 543 1005 560 1005 544 1005 561 1006 562 1006 545 1006 562 1007 563 1007 545 1007 545 1008 563 1008 564 1008 545 1009 564 1009 543 1009 543 1010 564 1010 565 1010 543 1011 565 1011 566 1011 566 1012 565 1012 567 1012 568 1013 569 1013 570 1013 571 1014 572 1014 573 1014 573 1015 572 1015 574 1015 573 1016 574 1016 575 1016 568 1017 570 1017 576 1017 576 1018 570 1018 577 1018 576 1019 577 1019 578 1019 578 1020 577 1020 579 1020 578 1021 579 1021 567 1021 567 1022 579 1022 580 1022 567 1023 580 1023 566 1023 569 1024 571 1024 570 1024 570 1025 571 1025 573 1025 570 1026 573 1026 581 1026 581 1027 573 1027 582 1027 583 1028 584 1028 585 1028 585 1029 586 1029 583 1029 583 1030 586 1030 587 1030 583 1031 587 1031 588 1031 584 1032 583 1032 589 1032 589 1033 583 1033 590 1033 589 1034 590 1034 591 1034 592 1035 593 1035 594 1035 595 1036 596 1036 593 1036 593 1037 596 1037 597 1037 593 1038 597 1038 594 1038 587 1039 598 1039 588 1039 588 1040 598 1040 599 1040 588 1041 599 1041 600 1041 600 1042 599 1042 601 1042 600 1043 601 1043 602 1043 602 1044 601 1044 603 1044 602 1045 603 1045 604 1045 604 1046 603 1046 605 1046 604 1047 605 1047 606 1047 606 1048 605 1048 607 1048 606 1049 607 1049 608 1049 608 1050 607 1050 609 1050 609 1051 607 1051 596 1051 609 1052 596 1052 610 1052 610 1053 596 1053 595 1053 610 1054 595 1054 611 1054 611 1055 595 1055 612 1055 611 1056 612 1056 613 1056 614 1057 615 1057 616 1057 616 1058 615 1058 617 1058 616 1059 617 1059 618 1059 618 1060 617 1060 619 1060 618 1061 619 1061 620 1061 621 1062 622 1062 616 1062 616 1063 622 1063 623 1063 616 1064 623 1064 614 1064 616 1065 504 1065 621 1065 621 1066 504 1066 507 1066 621 1067 507 1067 521 1067 521 1068 507 1068 509 1068 521 1069 509 1069 512 1069 624 1070 625 1070 522 1070 522 1071 625 1071 626 1071 522 1072 626 1072 521 1072 627 1073 628 1073 629 1073 629 1074 628 1074 630 1074 631 1075 632 1075 633 1075 634 1076 630 1076 635 1076 635 1077 630 1077 628 1077 635 1078 628 1078 636 1078 636 1079 628 1079 631 1079 636 1080 631 1080 637 1080 637 1081 631 1081 633 1081 633 1082 638 1082 637 1082 637 1083 638 1083 639 1083 637 1084 639 1084 640 1084 640 1085 639 1085 641 1085 528 1086 642 1086 529 1086 529 1087 642 1087 643 1087 529 1088 643 1088 644 1088 644 1089 643 1089 645 1089 644 1090 645 1090 646 1090 646 1091 645 1091 647 1091 646 1092 647 1092 648 1092 649 1093 650 1093 651 1093 651 1094 650 1094 652 1094 651 1095 652 1095 653 1095 653 1096 652 1096 654 1096 653 1097 654 1097 631 1097 631 1098 654 1098 655 1098 631 1099 655 1099 632 1099 656 1100 618 1100 613 1100 613 1101 618 1101 620 1101 613 1102 620 1102 611 1102 657 1103 658 1103 659 1103 659 1104 658 1104 660 1104 659 1105 660 1105 661 1105 661 1106 660 1106 662 1106 661 1107 662 1107 663 1107 663 1108 662 1108 664 1108 663 1109 664 1109 665 1109 594 1110 591 1110 592 1110 592 1111 591 1111 590 1111 592 1112 590 1112 666 1112 666 1113 590 1113 665 1113 575 1114 667 1114 668 1114 669 1115 670 1115 671 1115 671 1116 670 1116 672 1116 671 1117 672 1117 668 1117 668 1118 672 1118 673 1118 668 1119 673 1119 575 1119 575 1120 673 1120 674 1120 575 1121 674 1121 573 1121 674 1122 675 1122 573 1122 573 1123 675 1123 676 1123 573 1124 676 1124 582 1124 582 1125 676 1125 677 1125 582 1126 677 1126 678 1126 678 1127 677 1127 679 1127 678 1128 679 1128 588 1128 588 1129 679 1129 680 1129 588 1130 680 1130 583 1130 583 1131 680 1131 681 1131 583 1132 681 1132 590 1132 590 1133 681 1133 682 1133 590 1134 682 1134 683 1134 665 1135 590 1135 663 1135 663 1136 590 1136 683 1136 663 1137 683 1137 669 1137 669 1138 683 1138 684 1138 669 1139 684 1139 670 1139 685 1140 686 1140 525 1140 525 1141 686 1141 687 1141 540 1142 523 1142 539 1142 539 1143 523 1143 525 1143 539 1144 525 1144 688 1144 688 1145 525 1145 687 1145 685 1146 525 1146 689 1146 689 1147 525 1147 535 1147 689 1148 535 1148 690 1148 690 1149 535 1149 536 1149 690 1150 536 1150 691 1150 520 1151 519 1151 692 1151 531 1152 693 1152 532 1152 532 1153 693 1153 694 1153 532 1154 694 1154 536 1154 536 1155 694 1155 695 1155 536 1156 695 1156 691 1156 691 1157 695 1157 696 1157 691 1158 696 1158 520 1158 520 1159 696 1159 697 1159 520 1160 697 1160 518 1160 688 1161 698 1161 539 1161 539 1162 698 1162 699 1162 539 1163 699 1163 700 1163 700 1164 699 1164 701 1164 700 1165 701 1165 702 1165 702 1166 701 1166 703 1166 703 1167 704 1167 702 1167 702 1168 704 1168 692 1168 702 1169 692 1169 651 1169 651 1170 692 1170 519 1170 651 1171 519 1171 649 1171 649 1172 519 1172 705 1172 649 1173 705 1173 706 1173 706 1174 705 1174 707 1174 706 1175 707 1175 708 1175 708 1176 707 1176 648 1176 708 1177 648 1177 709 1177 709 1178 648 1178 647 1178 709 1179 647 1179 641 1179 641 1180 647 1180 710 1180 641 1181 710 1181 640 1181 490 1182 493 1182 618 1182 484 1183 486 1183 659 1183 659 1184 486 1184 488 1184 656 1185 657 1185 618 1185 618 1186 657 1186 659 1186 618 1187 659 1187 490 1187 490 1188 659 1188 488 1188 493 1189 496 1189 618 1189 618 1190 496 1190 498 1190 618 1191 498 1191 616 1191 616 1192 498 1192 501 1192 616 1193 501 1193 504 1193 479 1194 711 1194 480 1194 480 1195 711 1195 522 1195 480 1196 522 1196 515 1196 515 1197 522 1197 512 1197 667 1198 561 1198 668 1198 668 1199 561 1199 545 1199 668 1200 545 1200 671 1200 671 1201 545 1201 712 1201 671 1202 712 1202 669 1202 669 1203 712 1203 713 1203 669 1204 713 1204 663 1204 663 1205 713 1205 714 1205 663 1206 714 1206 661 1206 661 1207 714 1207 715 1207 661 1208 715 1208 659 1208 659 1209 715 1209 711 1209 659 1210 711 1210 484 1210 484 1211 711 1211 479 1211 547 1212 541 1212 545 1212 545 1213 541 1213 539 1213 545 1214 539 1214 712 1214 712 1215 539 1215 700 1215 712 1216 700 1216 713 1216 713 1217 700 1217 702 1217 713 1218 702 1218 714 1218 714 1219 702 1219 651 1219 714 1220 651 1220 715 1220 715 1221 651 1221 653 1221 715 1222 653 1222 711 1222 711 1223 653 1223 631 1223 716 1224 717 1224 522 1224 522 1225 717 1225 628 1225 522 1226 628 1226 624 1226 624 1227 628 1227 627 1227 717 1228 718 1228 628 1228 628 1229 718 1229 719 1229 628 1230 719 1230 631 1230 631 1231 719 1231 720 1231 631 1232 720 1232 721 1232 722 1233 723 1233 711 1233 711 1234 723 1234 724 1234 711 1235 724 1235 522 1235 522 1236 724 1236 725 1236 522 1237 725 1237 716 1237 721 1238 726 1238 631 1238 631 1239 726 1239 727 1239 631 1240 727 1240 711 1240 711 1241 727 1241 728 1241 711 1242 728 1242 722 1242 729 1243 730 1243 731 1243 732 1244 733 1244 729 1244 734 1245 735 1245 729 1245 736 1246 737 1246 729 1246 738 1247 739 1247 729 1247 729 1248 740 1248 741 1248 742 1249 740 1249 729 1249 739 1250 742 1250 729 1250 737 1251 738 1251 729 1251 735 1252 736 1252 729 1252 733 1253 734 1253 729 1253 731 1254 732 1254 729 1254 729 1255 741 1255 743 1255 729 1256 744 1256 745 1256 746 1257 744 1257 729 1257 743 1258 746 1258 729 1258 729 1259 747 1259 730 1259 748 1260 747 1260 729 1260 745 1261 748 1261 729 1261 749 1262 750 1262 751 1262 749 1263 752 1263 753 1263 754 1264 752 1264 749 1264 751 1265 754 1265 749 1265 749 1266 755 1266 756 1266 757 1267 755 1267 749 1267 753 1268 757 1268 749 1268 758 1269 759 1269 749 1269 760 1270 761 1270 749 1270 762 1271 763 1271 749 1271 764 1272 765 1272 749 1272 756 1273 766 1273 749 1273 749 1274 767 1274 750 1274 768 1275 767 1275 749 1275 765 1276 768 1276 749 1276 763 1277 764 1277 749 1277 761 1278 762 1278 749 1278 759 1279 760 1279 749 1279 766 1280 758 1280 749 1280 769 1281 770 1281 771 1281 772 1282 773 1282 769 1282 774 1283 775 1283 769 1283 776 1284 777 1284 769 1284 778 1285 779 1285 769 1285 769 1286 780 1286 781 1286 782 1287 780 1287 769 1287 779 1288 782 1288 769 1288 777 1289 778 1289 769 1289 775 1290 776 1290 769 1290 773 1291 774 1291 769 1291 771 1292 772 1292 769 1292 769 1293 781 1293 783 1293 784 1294 785 1294 769 1294 786 1295 787 1295 769 1295 788 1296 789 1296 769 1296 769 1297 790 1297 770 1297 791 1298 790 1298 769 1298 789 1299 791 1299 769 1299 787 1300 788 1300 769 1300 785 1301 786 1301 769 1301 783 1302 784 1302 769 1302 792 1303 793 1303 794 1303 795 1304 793 1304 792 1304 796 1305 795 1305 792 1305 797 1306 796 1306 792 1306 792 1307 798 1307 799 1307 800 1308 798 1308 792 1308 794 1309 800 1309 792 1309 792 1310 799 1310 801 1310 792 1311 802 1311 803 1311 804 1312 802 1312 792 1312 801 1313 804 1313 792 1313 792 1314 805 1314 797 1314 806 1315 805 1315 792 1315 803 1316 806 1316 792 1316 807 1317 808 1317 809 1317 810 1318 811 1318 807 1318 812 1319 813 1319 807 1319 814 1320 815 1320 807 1320 816 1321 817 1321 807 1321 807 1322 818 1322 819 1322 820 1323 818 1323 807 1323 817 1324 820 1324 807 1324 815 1325 816 1325 807 1325 813 1326 814 1326 807 1326 811 1327 812 1327 807 1327 809 1328 810 1328 807 1328 807 1329 819 1329 821 1329 807 1330 822 1330 823 1330 824 1331 822 1331 807 1331 821 1332 824 1332 807 1332 807 1333 825 1333 808 1333 826 1334 825 1334 807 1334 823 1335 826 1335 807 1335 827 1336 828 1336 829 1336 830 1337 831 1337 827 1337 832 1338 833 1338 827 1338 834 1339 835 1339 827 1339 836 1340 837 1340 827 1340 827 1341 838 1341 839 1341 840 1342 838 1342 827 1342 837 1343 840 1343 827 1343 835 1344 836 1344 827 1344 833 1345 834 1345 827 1345 831 1346 832 1346 827 1346 829 1347 830 1347 827 1347 827 1348 839 1348 841 1348 827 1349 842 1349 843 1349 844 1350 842 1350 827 1350 841 1351 844 1351 827 1351 827 1352 845 1352 828 1352 846 1353 845 1353 827 1353 843 1354 846 1354 827 1354 847 1355 848 1355 849 1355 847 1356 849 1356 850 1356 850 1357 849 1357 851 1357 850 1358 851 1358 852 1358 853 1359 854 1359 855 1359 856 1360 857 1360 858 1360 853 1361 859 1361 854 1361 854 1362 859 1362 860 1362 854 1363 860 1363 861 1363 861 1364 860 1364 862 1364 861 1365 862 1365 863 1365 863 1366 862 1366 864 1366 863 1367 864 1367 865 1367 852 1368 851 1368 866 1368 866 1369 851 1369 853 1369 866 1370 853 1370 867 1370 867 1371 853 1371 855 1371 867 1372 855 1372 868 1372 848 1373 847 1373 869 1373 869 1374 847 1374 870 1374 869 1375 870 1375 871 1375 871 1376 870 1376 872 1376 871 1377 872 1377 857 1377 873 1378 874 1378 875 1378 875 1379 874 1379 876 1379 875 1380 876 1380 877 1380 877 1381 876 1381 878 1381 877 1382 878 1382 879 1382 879 1383 878 1383 880 1383 879 1384 880 1384 881 1384 881 1385 880 1385 882 1385 881 1386 882 1386 883 1386 883 1387 882 1387 884 1387 883 1388 884 1388 885 1388 885 1389 884 1389 886 1389 885 1390 886 1390 887 1390 858 1391 857 1391 888 1391 888 1392 857 1392 872 1392 888 1393 872 1393 889 1393 868 1394 890 1394 867 1394 867 1395 890 1395 891 1395 867 1396 891 1396 892 1396 892 1397 891 1397 893 1397 894 1398 887 1398 895 1398 895 1399 887 1399 896 1399 895 1400 896 1400 893 1400 893 1401 896 1401 897 1401 893 1402 897 1402 892 1402 898 1403 885 1403 899 1403 899 1404 885 1404 887 1404 899 1405 887 1405 900 1405 900 1406 887 1406 894 1406 865 1407 864 1407 901 1407 901 1408 864 1408 902 1408 901 1409 902 1409 903 1409 903 1410 902 1410 904 1410 903 1411 904 1411 858 1411 858 1412 904 1412 905 1412 858 1413 905 1413 856 1413 906 1414 907 1414 908 1414 899 1415 909 1415 898 1415 898 1416 909 1416 910 1416 898 1417 910 1417 911 1417 911 1418 910 1418 912 1418 911 1419 912 1419 913 1419 914 1420 908 1420 915 1420 916 1421 917 1421 918 1421 918 1422 917 1422 919 1422 918 1423 919 1423 920 1423 920 1424 919 1424 921 1424 922 1425 923 1425 924 1425 924 1426 923 1426 925 1426 924 1427 925 1427 916 1427 916 1428 925 1428 926 1428 916 1429 926 1429 917 1429 927 1430 928 1430 929 1430 906 1431 908 1431 930 1431 930 1432 908 1432 931 1432 930 1433 931 1433 932 1433 932 1434 931 1434 933 1434 932 1435 933 1435 921 1435 921 1436 933 1436 934 1436 921 1437 934 1437 920 1437 929 1438 928 1438 922 1438 922 1439 928 1439 935 1439 922 1440 935 1440 923 1440 923 1441 935 1441 936 1441 923 1442 936 1442 937 1442 937 1443 938 1443 923 1443 923 1444 938 1444 939 1444 923 1445 939 1445 940 1445 940 1446 939 1446 941 1446 940 1447 941 1447 942 1447 942 1448 941 1448 943 1448 944 1449 945 1449 873 1449 873 1450 945 1450 946 1450 873 1451 946 1451 874 1451 872 1452 947 1452 889 1452 889 1453 947 1453 948 1453 889 1454 948 1454 949 1454 949 1455 948 1455 950 1455 949 1456 950 1456 943 1456 943 1457 950 1457 951 1457 943 1458 951 1458 942 1458 912 1459 952 1459 913 1459 913 1460 952 1460 953 1460 913 1461 953 1461 954 1461 954 1462 953 1462 955 1462 954 1463 955 1463 956 1463 956 1464 955 1464 957 1464 956 1465 957 1465 958 1465 958 1466 957 1466 959 1466 958 1467 959 1467 960 1467 960 1468 959 1468 961 1468 960 1469 961 1469 873 1469 873 1470 961 1470 962 1470 873 1471 962 1471 944 1471 963 1472 964 1472 907 1472 907 1473 964 1473 965 1473 907 1474 965 1474 908 1474 908 1475 965 1475 966 1475 908 1476 966 1476 915 1476 927 1477 929 1477 967 1477 967 1478 929 1478 968 1478 967 1479 968 1479 969 1479 969 1480 968 1480 970 1480 969 1481 970 1481 971 1481 971 1482 970 1482 972 1482 971 1483 972 1483 973 1483 973 1484 972 1484 974 1484 973 1485 974 1485 915 1485 915 1486 974 1486 975 1486 915 1487 975 1487 914 1487 944 1488 976 1488 945 1488 945 1489 976 1489 977 1489 945 1490 977 1490 978 1490 978 1491 977 1491 979 1491 978 1492 979 1492 980 1492 980 1493 979 1493 963 1493 980 1494 963 1494 981 1494 981 1495 963 1495 907 1495 982 1496 983 1496 984 1496 984 1497 983 1497 985 1497 986 1498 987 1498 988 1498 988 1499 987 1499 989 1499 990 1500 988 1500 991 1500 991 1501 988 1501 989 1501 991 1502 989 1502 985 1502 985 1503 989 1503 992 1503 985 1504 992 1504 984 1504 984 1505 992 1505 993 1505 994 1506 995 1506 996 1506 997 1507 998 1507 999 1507 996 1508 1000 1508 997 1508 997 1509 999 1509 996 1509 996 1510 999 1510 1001 1510 996 1511 1001 1511 994 1511 1002 1512 1003 1512 1004 1512 995 1513 1005 1513 996 1513 996 1514 1005 1514 1002 1514 996 1515 1002 1515 1006 1515 1006 1516 1002 1516 1004 1516 1007 1517 1008 1517 1009 1517 1007 1518 1009 1518 1010 1518 1010 1519 1009 1519 1011 1519 1010 1520 1011 1520 1012 1520 1013 1521 1014 1521 1015 1521 1015 1522 1014 1522 1009 1522 1015 1523 1009 1523 1016 1523 1016 1524 1009 1524 1008 1524 1017 1525 1018 1525 1019 1525 1019 1526 1018 1526 1010 1526 1019 1527 1010 1527 1020 1527 1020 1528 1010 1528 1012 1528 886 1529 1021 1529 1022 1529 886 1530 1022 1530 887 1530 887 1531 1022 1531 1023 1531 887 1532 1023 1532 896 1532 896 1533 1023 1533 1024 1533 896 1534 1024 1534 897 1534 897 1535 1024 1535 1025 1535 897 1536 1025 1536 892 1536 892 1537 1025 1537 1026 1537 892 1538 1026 1538 867 1538 867 1539 1026 1539 1027 1539 867 1540 1027 1540 866 1540 866 1541 1027 1541 1028 1541 866 1542 1028 1542 852 1542 852 1543 1028 1543 1029 1543 852 1544 1029 1544 850 1544 850 1545 1029 1545 1030 1545 850 1546 1030 1546 847 1546 847 1547 1030 1547 1031 1547 847 1548 1031 1548 870 1548 870 1549 1031 1549 1032 1549 870 1550 1032 1550 872 1550 872 1551 1032 1551 1033 1551 872 1552 1033 1552 947 1552 947 1553 1033 1553 948 1553 948 1554 1033 1554 1034 1554 948 1555 1034 1555 950 1555 1034 1556 1035 1556 950 1556 950 1557 1035 1557 1036 1557 950 1558 1036 1558 951 1558 951 1559 1036 1559 1037 1559 951 1560 1037 1560 942 1560 942 1561 1037 1561 1038 1561 942 1562 1038 1562 940 1562 940 1563 1038 1563 1039 1563 940 1564 1039 1564 923 1564 923 1565 1039 1565 1040 1565 923 1566 1040 1566 925 1566 925 1567 1040 1567 1041 1567 925 1568 1041 1568 926 1568 926 1569 1041 1569 1042 1569 926 1570 1042 1570 917 1570 917 1571 1042 1571 1043 1571 917 1572 1043 1572 919 1572 919 1573 1043 1573 1044 1573 919 1574 1044 1574 921 1574 921 1575 1044 1575 1045 1575 921 1576 1045 1576 932 1576 932 1577 1045 1577 1046 1577 932 1578 1046 1578 930 1578 930 1579 1046 1579 1047 1579 930 1580 1047 1580 906 1580 906 1581 1047 1581 1048 1581 906 1582 1048 1582 907 1582 907 1583 1048 1583 1049 1583 907 1584 1049 1584 981 1584 981 1585 1049 1585 1050 1585 981 1586 1050 1586 980 1586 980 1587 1050 1587 1051 1587 980 1588 1051 1588 978 1588 978 1589 1051 1589 1052 1589 978 1590 1052 1590 945 1590 945 1591 1052 1591 1053 1591 945 1592 1053 1592 946 1592 946 1593 1053 1593 1054 1593 946 1594 1054 1594 874 1594 874 1595 1054 1595 1055 1595 874 1596 1055 1596 876 1596 876 1597 1055 1597 1056 1597 876 1598 1056 1598 878 1598 878 1599 1056 1599 1057 1599 878 1600 1057 1600 880 1600 880 1601 1057 1601 1058 1601 880 1602 1058 1602 882 1602 882 1603 1058 1603 1059 1603 882 1604 1059 1604 884 1604 884 1605 1059 1605 1021 1605 884 1606 1021 1606 886 1606 862 1607 1060 1607 864 1607 864 1608 1060 1608 1061 1608 864 1609 1061 1609 902 1609 902 1610 1061 1610 1062 1610 902 1611 1062 1611 904 1611 904 1612 1062 1612 1063 1612 904 1613 1063 1613 905 1613 905 1614 1063 1614 1064 1614 1065 1615 869 1615 1066 1615 1066 1616 869 1616 871 1616 1066 1617 871 1617 1067 1617 1067 1618 871 1618 857 1618 1067 1619 857 1619 1064 1619 1064 1620 857 1620 856 1620 1064 1621 856 1621 905 1621 968 1622 1068 1622 970 1622 970 1623 1068 1623 1069 1623 970 1624 1069 1624 972 1624 972 1625 1069 1625 1070 1625 972 1626 1070 1626 974 1626 974 1627 1070 1627 1071 1627 974 1628 1071 1628 975 1628 975 1629 1071 1629 1072 1629 1073 1630 933 1630 1074 1630 1074 1631 933 1631 931 1631 1074 1632 931 1632 1075 1632 1075 1633 931 1633 908 1633 1075 1634 908 1634 1072 1634 1072 1635 908 1635 914 1635 1072 1636 914 1636 975 1636 1076 1637 1077 1637 1078 1637 1078 1638 1079 1638 1076 1638 1076 1639 1079 1639 1080 1639 1076 1640 1080 1640 1081 1640 1080 1641 1082 1641 1081 1641 1081 1642 1082 1642 1083 1642 1081 1643 1083 1643 1084 1643 1083 1644 1085 1644 1084 1644 1084 1645 1085 1645 1086 1645 1084 1646 1086 1646 1087 1646 1087 1647 1086 1647 1088 1647 1087 1648 1088 1648 1089 1648 1089 1649 1088 1649 1090 1649 1089 1650 1090 1650 1091 1650 1091 1651 1090 1651 1092 1651 1091 1652 1092 1652 1093 1652 1094 1653 1095 1653 1096 1653 1096 1654 1095 1654 1093 1654 1096 1655 1093 1655 1097 1655 1097 1656 1093 1656 1092 1656 1098 1657 1095 1657 1094 1657 1094 1658 1099 1658 1098 1658 1098 1659 1099 1659 1100 1659 1098 1660 1100 1660 1101 1660 1100 1661 1102 1661 1101 1661 1101 1662 1102 1662 1103 1662 1101 1663 1103 1663 1104 1663 1104 1664 1103 1664 1105 1664 1104 1665 1105 1665 1106 1665 1105 1666 1107 1666 1106 1666 1106 1667 1107 1667 1108 1667 1106 1668 1108 1668 1109 1668 1108 1669 1110 1669 1109 1669 1109 1670 1110 1670 1111 1670 1109 1671 1111 1671 1112 1671 1078 1672 1077 1672 1113 1672 1113 1673 1077 1673 1112 1673 1113 1674 1112 1674 1114 1674 1114 1675 1112 1675 1111 1675 1115 1676 1116 1676 1117 1676 1117 1677 1118 1677 1115 1677 1115 1678 1118 1678 1119 1678 1115 1679 1119 1679 1120 1679 1119 1680 1121 1680 1120 1680 1120 1681 1121 1681 1122 1681 1120 1682 1122 1682 1123 1682 1123 1683 1122 1683 1124 1683 1123 1684 1124 1684 1125 1684 1124 1685 1126 1685 1125 1685 1125 1686 1126 1686 1127 1686 1125 1687 1127 1687 1128 1687 1127 1688 1129 1688 1128 1688 1128 1689 1129 1689 1130 1689 1128 1690 1130 1690 1131 1690 1132 1691 1133 1691 1134 1691 1134 1692 1133 1692 1131 1692 1134 1693 1131 1693 1135 1693 1135 1694 1131 1694 1130 1694 1117 1695 1116 1695 1136 1695 1136 1696 1116 1696 1137 1696 1136 1697 1137 1697 1138 1697 1138 1698 1137 1698 1139 1698 1138 1699 1139 1699 1140 1699 1140 1700 1139 1700 1141 1700 1140 1701 1141 1701 1142 1701 1142 1702 1141 1702 1143 1702 1142 1703 1143 1703 1144 1703 1144 1704 1143 1704 1145 1704 1144 1705 1145 1705 1146 1705 1146 1706 1145 1706 1147 1706 1146 1707 1147 1707 1148 1707 1148 1708 1147 1708 1149 1708 1148 1709 1149 1709 1132 1709 1132 1710 1149 1710 1133 1710 1150 1711 1151 1711 1152 1711 1152 1712 1151 1712 1153 1712 1152 1713 1153 1713 1154 1713 1154 1714 1153 1714 1155 1714 1154 1715 1155 1715 1156 1715 1156 1716 1155 1716 1157 1716 1156 1717 1157 1717 1158 1717 1158 1718 1157 1718 1159 1718 1158 1719 1159 1719 1160 1719 1160 1720 1159 1720 1161 1720 1160 1721 1161 1721 1162 1721 1162 1722 1161 1722 1163 1722 1162 1723 1163 1723 1164 1723 1164 1724 1163 1724 1165 1724 1166 1725 1151 1725 1150 1725 1150 1726 1167 1726 1166 1726 1166 1727 1167 1727 1168 1727 1166 1728 1168 1728 1169 1728 1168 1729 1170 1729 1169 1729 1169 1730 1170 1730 1171 1730 1169 1731 1171 1731 1172 1731 1172 1732 1171 1732 1173 1732 1172 1733 1173 1733 1174 1733 1173 1734 1175 1734 1174 1734 1174 1735 1175 1735 1176 1735 1174 1736 1176 1736 1177 1736 1177 1737 1176 1737 1178 1737 1177 1738 1178 1738 1179 1738 1179 1739 1178 1739 1180 1739 1179 1740 1180 1740 1181 1740 1164 1741 1165 1741 1182 1741 1182 1742 1165 1742 1181 1742 1182 1743 1181 1743 1183 1743 1183 1744 1181 1744 1180 1744 1078 1745 1184 1745 1079 1745 1079 1746 1184 1746 1185 1746 1079 1747 1185 1747 1080 1747 1080 1748 1185 1748 1082 1748 1082 1749 1185 1749 1186 1749 1082 1750 1186 1750 1083 1750 1083 1751 1186 1751 1085 1751 1085 1752 1186 1752 1187 1752 1085 1753 1187 1753 1086 1753 1188 1754 1090 1754 1187 1754 1187 1755 1090 1755 1088 1755 1187 1756 1088 1756 1086 1756 1189 1757 1190 1757 1094 1757 1094 1758 1096 1758 1189 1758 1189 1759 1096 1759 1097 1759 1189 1760 1097 1760 1188 1760 1188 1761 1097 1761 1092 1761 1188 1762 1092 1762 1090 1762 1094 1763 1190 1763 1099 1763 1099 1764 1190 1764 1191 1764 1099 1765 1191 1765 1100 1765 1100 1766 1191 1766 1102 1766 1102 1767 1191 1767 1192 1767 1102 1768 1192 1768 1103 1768 1103 1769 1192 1769 1105 1769 1105 1770 1192 1770 1193 1770 1105 1771 1193 1771 1107 1771 1107 1772 1193 1772 1108 1772 1108 1773 1193 1773 1194 1773 1108 1774 1194 1774 1110 1774 1110 1775 1194 1775 1111 1775 1111 1776 1194 1776 1195 1776 1111 1777 1195 1777 1114 1777 1114 1778 1195 1778 1113 1778 1113 1779 1195 1779 1184 1779 1113 1780 1184 1780 1078 1780 1117 1781 1196 1781 1118 1781 1118 1782 1196 1782 1197 1782 1118 1783 1197 1783 1119 1783 1119 1784 1197 1784 1121 1784 1121 1785 1197 1785 1198 1785 1121 1786 1198 1786 1122 1786 1122 1787 1198 1787 1124 1787 1124 1788 1198 1788 1199 1788 1124 1789 1199 1789 1126 1789 1126 1790 1199 1790 1127 1790 1127 1791 1199 1791 1200 1791 1127 1792 1200 1792 1129 1792 1129 1793 1200 1793 1130 1793 1130 1794 1200 1794 1201 1794 1130 1795 1201 1795 1135 1795 1135 1796 1201 1796 1134 1796 1134 1797 1201 1797 1202 1797 1134 1798 1202 1798 1132 1798 1132 1799 1202 1799 1148 1799 1148 1800 1202 1800 1203 1800 1148 1801 1203 1801 1146 1801 1146 1802 1203 1802 1204 1802 1146 1803 1204 1803 1144 1803 1144 1804 1204 1804 1205 1804 1144 1805 1205 1805 1142 1805 1142 1806 1205 1806 1206 1806 1142 1807 1206 1807 1140 1807 1140 1808 1206 1808 1207 1808 1196 1809 1117 1809 1208 1809 1208 1810 1117 1810 1136 1810 1208 1811 1136 1811 1207 1811 1207 1812 1136 1812 1138 1812 1207 1813 1138 1813 1140 1813 1164 1814 1209 1814 1162 1814 1162 1815 1209 1815 1210 1815 1162 1816 1210 1816 1160 1816 1160 1817 1210 1817 1211 1817 1160 1818 1211 1818 1158 1818 1158 1819 1211 1819 1212 1819 1158 1820 1212 1820 1156 1820 1156 1821 1212 1821 1213 1821 1156 1822 1213 1822 1154 1822 1154 1823 1213 1823 1214 1823 1154 1824 1214 1824 1152 1824 1152 1825 1214 1825 1215 1825 1152 1826 1215 1826 1150 1826 1150 1827 1215 1827 1216 1827 1150 1828 1216 1828 1167 1828 1167 1829 1216 1829 1217 1829 1167 1830 1217 1830 1168 1830 1168 1831 1217 1831 1170 1831 1170 1832 1217 1832 1218 1832 1170 1833 1218 1833 1171 1833 1171 1834 1218 1834 1173 1834 1173 1835 1218 1835 1219 1835 1173 1836 1219 1836 1175 1836 1220 1837 1178 1837 1219 1837 1219 1838 1178 1838 1176 1838 1219 1839 1176 1839 1175 1839 1221 1840 1209 1840 1164 1840 1164 1841 1182 1841 1221 1841 1221 1842 1182 1842 1183 1842 1221 1843 1183 1843 1220 1843 1220 1844 1183 1844 1180 1844 1220 1845 1180 1845 1178 1845 1189 1846 1188 1846 1190 1846 1190 1847 1188 1847 1187 1847 1195 1848 1194 1848 1184 1848 1184 1849 1194 1849 1193 1849 1185 1850 1184 1850 1186 1850 1186 1851 1184 1851 1193 1851 1186 1852 1193 1852 1187 1852 1187 1853 1193 1853 1192 1853 1187 1854 1192 1854 1190 1854 1190 1855 1192 1855 1191 1855 1203 1856 1202 1856 1201 1856 1207 1857 1206 1857 1205 1857 1196 1858 1208 1858 1201 1858 1201 1859 1208 1859 1207 1859 1201 1860 1200 1860 1199 1860 1207 1861 1205 1861 1201 1861 1201 1862 1205 1862 1204 1862 1201 1863 1204 1863 1203 1863 1196 1864 1201 1864 1197 1864 1197 1865 1201 1865 1199 1865 1197 1866 1199 1866 1198 1866 1211 1867 1210 1867 1212 1867 1212 1868 1210 1868 1217 1868 1213 1869 1212 1869 1214 1869 1214 1870 1212 1870 1217 1870 1214 1871 1217 1871 1215 1871 1215 1872 1217 1872 1216 1872 1221 1873 1220 1873 1219 1873 1210 1874 1209 1874 1217 1874 1217 1875 1209 1875 1221 1875 1217 1876 1221 1876 1218 1876 1218 1877 1221 1877 1219 1877 1222 1878 1041 1878 1040 1878 1222 1879 1040 1879 1223 1879 1223 1880 1040 1880 1039 1880 1223 1881 1039 1881 1224 1881 1224 1882 1039 1882 1038 1882 1224 1883 1038 1883 1225 1883 1225 1884 1038 1884 1037 1884 1225 1885 1037 1885 1226 1885 1226 1886 1037 1886 1036 1886 1226 1887 1036 1887 1227 1887 1227 1888 1036 1888 1035 1888 1227 1889 1035 1889 1228 1889 1228 1890 1035 1890 1229 1890 1229 1891 1035 1891 1034 1891 1229 1892 1034 1892 1230 1892 1034 1893 1033 1893 1230 1893 1230 1894 1033 1894 1032 1894 1230 1895 1032 1895 1231 1895 1231 1896 1032 1896 1031 1896 1231 1897 1031 1897 1232 1897 1232 1898 1031 1898 1030 1898 1232 1899 1030 1899 1233 1899 1233 1900 1030 1900 1029 1900 1233 1901 1029 1901 1234 1901 1234 1902 1029 1902 1028 1902 1234 1903 1028 1903 1235 1903 1235 1904 1028 1904 1027 1904 1235 1905 1027 1905 1236 1905 1236 1906 1027 1906 1026 1906 1236 1907 1026 1907 1237 1907 1237 1908 1026 1908 1025 1908 1237 1909 1025 1909 1238 1909 1238 1910 1025 1910 1024 1910 1238 1911 1024 1911 1239 1911 1239 1912 1024 1912 1023 1912 1239 1913 1023 1913 1240 1913 1240 1914 1023 1914 1241 1914 1240 1915 1241 1915 1242 1915 1242 1916 1241 1916 1021 1916 1242 1917 1021 1917 1243 1917 1243 1918 1021 1918 1244 1918 1243 1919 1244 1919 1245 1919 1245 1920 1244 1920 1058 1920 1245 1921 1058 1921 1246 1921 1246 1922 1058 1922 1057 1922 1246 1923 1057 1923 1247 1923 1247 1924 1057 1924 1056 1924 1247 1925 1056 1925 1248 1925 1248 1926 1056 1926 1055 1926 1248 1927 1055 1927 1249 1927 1249 1928 1055 1928 1054 1928 1249 1929 1054 1929 1250 1929 1250 1930 1054 1930 1053 1930 1250 1931 1053 1931 1251 1931 1251 1932 1053 1932 1052 1932 1251 1933 1052 1933 1252 1933 1252 1934 1052 1934 1051 1934 1252 1935 1051 1935 1253 1935 1253 1936 1051 1936 1050 1936 1253 1937 1050 1937 1254 1937 1254 1938 1050 1938 1049 1938 1254 1939 1049 1939 1255 1939 1255 1940 1049 1940 1048 1940 1255 1941 1048 1941 1256 1941 1256 1942 1048 1942 1047 1942 1256 1943 1047 1943 1257 1943 1257 1944 1047 1944 1046 1944 1257 1945 1046 1945 1258 1945 1258 1946 1046 1946 1045 1946 1258 1947 1045 1947 1259 1947 1259 1948 1045 1948 1044 1948 1259 1949 1044 1949 1260 1949 1260 1950 1044 1950 1043 1950 1260 1951 1043 1951 1261 1951 1261 1952 1043 1952 1042 1952 1261 1953 1042 1953 1262 1953 1262 1954 1042 1954 1041 1954 1262 1955 1041 1955 1222 1955 1263 1956 1222 1956 1223 1956 1263 1957 1223 1957 1264 1957 1264 1958 1223 1958 1224 1958 1264 1959 1224 1959 1265 1959 1265 1960 1224 1960 1225 1960 1265 1961 1225 1961 1266 1961 1266 1962 1225 1962 1226 1962 1266 1963 1226 1963 1267 1963 1267 1964 1226 1964 1227 1964 1267 1965 1227 1965 1268 1965 1268 1966 1227 1966 1228 1966 1268 1967 1228 1967 1269 1967 1269 1968 1228 1968 1270 1968 1270 1969 1228 1969 1229 1969 1270 1970 1229 1970 1271 1970 1229 1971 1230 1971 1271 1971 1271 1972 1230 1972 1231 1972 1271 1973 1231 1973 1272 1973 1272 1974 1231 1974 1232 1974 1272 1975 1232 1975 1273 1975 1273 1976 1232 1976 1233 1976 1273 1977 1233 1977 1274 1977 1274 1978 1233 1978 1234 1978 1274 1979 1234 1979 1275 1979 1275 1980 1234 1980 1235 1980 1275 1981 1235 1981 1276 1981 1276 1982 1235 1982 1236 1982 1276 1983 1236 1983 1277 1983 1277 1984 1236 1984 1237 1984 1277 1985 1237 1985 1278 1985 1278 1986 1237 1986 1238 1986 1278 1987 1238 1987 1279 1987 1279 1988 1238 1988 1239 1988 1279 1989 1239 1989 1280 1989 1280 1990 1239 1990 1240 1990 1280 1991 1240 1991 1281 1991 1281 1992 1240 1992 1282 1992 1281 1993 1282 1993 1283 1993 1283 1994 1282 1994 1243 1994 1283 1995 1243 1995 1284 1995 1284 1996 1243 1996 1285 1996 1284 1997 1285 1997 1286 1997 1286 1998 1285 1998 1246 1998 1286 1999 1246 1999 1287 1999 1287 2000 1246 2000 1247 2000 1287 2001 1247 2001 1288 2001 1288 2002 1247 2002 1248 2002 1288 2003 1248 2003 1289 2003 1289 2004 1248 2004 1249 2004 1289 2005 1249 2005 1290 2005 1290 2006 1249 2006 1250 2006 1290 2007 1250 2007 1291 2007 1291 2008 1250 2008 1251 2008 1291 2009 1251 2009 1292 2009 1292 2010 1251 2010 1252 2010 1292 2011 1252 2011 1293 2011 1293 2012 1252 2012 1253 2012 1293 2013 1253 2013 1294 2013 1294 2014 1253 2014 1254 2014 1294 2015 1254 2015 1295 2015 1295 2016 1254 2016 1255 2016 1295 2017 1255 2017 1296 2017 1296 2018 1255 2018 1256 2018 1296 2019 1256 2019 1297 2019 1297 2020 1256 2020 1257 2020 1297 2021 1257 2021 1298 2021 1298 2022 1257 2022 1258 2022 1298 2023 1258 2023 1299 2023 1299 2024 1258 2024 1259 2024 1299 2025 1259 2025 1300 2025 1300 2026 1259 2026 1260 2026 1300 2027 1260 2027 1301 2027 1301 2028 1260 2028 1261 2028 1301 2029 1261 2029 1302 2029 1302 2030 1261 2030 1262 2030 1302 2031 1262 2031 1303 2031 1303 2032 1262 2032 1222 2032 1303 2033 1222 2033 1263 2033 1101 2034 1104 2034 1304 2034 1305 2035 1306 2035 1304 2035 1304 2036 1264 2036 1265 2036 1304 2037 1265 2037 1307 2037 1308 2038 1302 2038 1306 2038 1306 2039 1302 2039 1303 2039 1306 2040 1303 2040 1304 2040 1304 2041 1303 2041 1263 2041 1304 2042 1263 2042 1264 2042 1309 2043 1299 2043 1310 2043 1310 2044 1299 2044 1300 2044 1310 2045 1300 2045 1301 2045 1311 2046 1295 2046 1312 2046 1312 2047 1295 2047 1296 2047 1312 2048 1296 2048 1313 2048 1313 2049 1296 2049 1297 2049 1313 2050 1297 2050 1309 2050 1309 2051 1297 2051 1298 2051 1309 2052 1298 2052 1299 2052 1314 2053 1291 2053 1292 2053 1315 2054 1289 2054 1314 2054 1314 2055 1289 2055 1290 2055 1314 2056 1290 2056 1291 2056 1315 2057 1316 2057 1289 2057 1289 2058 1316 2058 1317 2058 1289 2059 1317 2059 1288 2059 1288 2060 1317 2060 1318 2060 1288 2061 1318 2061 1287 2061 1287 2062 1318 2062 1319 2062 1287 2063 1319 2063 1286 2063 1286 2064 1319 2064 1320 2064 1286 2065 1320 2065 1284 2065 1321 2066 1322 2066 1323 2066 1323 2067 1322 2067 1324 2067 1324 2068 1325 2068 1323 2068 1323 2069 1325 2069 1326 2069 1323 2070 1326 2070 1314 2070 1314 2071 1326 2071 1327 2071 1314 2072 1327 2072 1315 2072 1155 2073 1153 2073 1323 2073 1323 2074 1153 2074 1151 2074 1151 2075 1166 2075 1323 2075 1323 2076 1166 2076 1284 2076 1323 2077 1284 2077 1321 2077 1321 2078 1284 2078 1320 2078 1165 2079 1279 2079 1181 2079 1181 2080 1279 2080 1280 2080 1166 2081 1169 2081 1284 2081 1284 2082 1169 2082 1172 2082 1284 2083 1172 2083 1283 2083 1283 2084 1172 2084 1174 2084 1283 2085 1174 2085 1281 2085 1281 2086 1174 2086 1177 2086 1281 2087 1177 2087 1280 2087 1280 2088 1177 2088 1179 2088 1280 2089 1179 2089 1181 2089 1165 2090 1163 2090 1279 2090 1279 2091 1163 2091 1328 2091 1279 2092 1328 2092 1278 2092 1278 2093 1328 2093 1277 2093 1277 2094 1328 2094 1276 2094 1276 2095 1328 2095 1329 2095 1276 2096 1329 2096 1275 2096 1062 2097 1061 2097 1330 2097 1330 2098 1061 2098 1060 2098 1060 2099 1331 2099 1330 2099 1330 2100 1331 2100 1332 2100 1330 2101 1332 2101 1275 2101 1275 2102 1332 2102 1333 2102 1275 2103 1333 2103 1274 2103 1062 2104 1334 2104 1063 2104 1063 2105 1334 2105 1064 2105 1333 2106 1335 2106 1274 2106 1274 2107 1335 2107 1336 2107 1274 2108 1336 2108 1273 2108 1273 2109 1336 2109 1065 2109 1273 2110 1065 2110 1272 2110 1272 2111 1065 2111 1066 2111 1272 2112 1066 2112 1067 2112 1269 2113 1270 2113 1337 2113 1337 2114 1270 2114 1271 2114 1337 2115 1271 2115 1272 2115 1265 2116 1266 2116 1307 2116 1307 2117 1266 2117 1267 2117 1307 2118 1267 2118 1337 2118 1337 2119 1267 2119 1268 2119 1337 2120 1268 2120 1269 2120 1338 2121 1310 2121 1308 2121 1308 2122 1310 2122 1301 2122 1308 2123 1301 2123 1302 2123 1338 2124 1073 2124 1310 2124 1310 2125 1073 2125 1074 2125 1310 2126 1074 2126 1309 2126 1309 2127 1074 2127 1075 2127 1309 2128 1075 2128 1072 2128 1068 2129 1339 2129 1304 2129 1304 2130 1339 2130 1340 2130 1304 2131 1340 2131 1305 2131 1072 2132 1071 2132 1309 2132 1309 2133 1071 2133 1070 2133 1309 2134 1070 2134 1341 2134 1341 2135 1070 2135 1069 2135 1341 2136 1069 2136 1068 2136 1342 2137 1125 2137 1128 2137 1131 2138 1133 2138 1343 2138 1343 2139 1133 2139 1149 2139 1343 2140 1149 2140 1147 2140 1123 2141 1344 2141 1120 2141 1120 2142 1344 2142 1345 2142 1120 2143 1345 2143 1311 2143 1311 2144 1345 2144 1294 2144 1311 2145 1294 2145 1295 2145 1137 2146 1116 2146 1311 2146 1311 2147 1116 2147 1115 2147 1311 2148 1115 2148 1120 2148 1137 2149 1311 2149 1139 2149 1139 2150 1311 2150 1312 2150 1139 2151 1312 2151 1141 2151 1155 2152 1346 2152 1157 2152 1157 2153 1346 2153 1329 2153 1157 2154 1329 2154 1159 2154 1159 2155 1329 2155 1328 2155 1159 2156 1328 2156 1161 2156 1161 2157 1328 2157 1163 2157 1155 2158 1323 2158 1346 2158 1346 2159 1323 2159 1314 2159 1346 2160 1314 2160 1344 2160 1344 2161 1314 2161 1292 2161 1344 2162 1292 2162 1345 2162 1345 2163 1292 2163 1293 2163 1345 2164 1293 2164 1294 2164 1275 2165 1329 2165 1330 2165 1330 2166 1329 2166 1346 2166 1330 2167 1346 2167 1347 2167 1347 2168 1346 2168 1344 2168 1347 2169 1344 2169 1342 2169 1342 2170 1344 2170 1123 2170 1342 2171 1123 2171 1125 2171 1062 2172 1330 2172 1334 2172 1334 2173 1330 2173 1347 2173 1334 2174 1347 2174 1348 2174 1348 2175 1347 2175 1342 2175 1348 2176 1342 2176 1343 2176 1343 2177 1342 2177 1128 2177 1343 2178 1128 2178 1131 2178 1067 2179 1064 2179 1272 2179 1272 2180 1064 2180 1334 2180 1272 2181 1334 2181 1337 2181 1337 2182 1334 2182 1348 2182 1337 2183 1348 2183 1341 2183 1341 2184 1348 2184 1343 2184 1341 2185 1343 2185 1309 2185 1309 2186 1343 2186 1147 2186 1309 2187 1147 2187 1313 2187 1313 2188 1147 2188 1145 2188 1313 2189 1145 2189 1312 2189 1312 2190 1145 2190 1143 2190 1312 2191 1143 2191 1141 2191 1068 2192 1304 2192 1341 2192 1341 2193 1304 2193 1104 2193 1341 2194 1104 2194 1106 2194 1106 2195 1109 2195 1341 2195 1341 2196 1109 2196 1112 2196 1341 2197 1112 2197 1337 2197 1337 2198 1112 2198 1077 2198 1337 2199 1077 2199 1076 2199 1089 2200 1091 2200 1307 2200 1091 2201 1093 2201 1307 2201 1307 2202 1093 2202 1095 2202 1307 2203 1095 2203 1304 2203 1304 2204 1095 2204 1098 2204 1304 2205 1098 2205 1101 2205 1076 2206 1081 2206 1337 2206 1337 2207 1081 2207 1084 2207 1337 2208 1084 2208 1307 2208 1307 2209 1084 2209 1087 2209 1307 2210 1087 2210 1089 2210 933 2211 1073 2211 934 2211 934 2212 1073 2212 1338 2212 934 2213 1338 2213 920 2213 920 2214 1338 2214 1308 2214 920 2215 1308 2215 918 2215 918 2216 1308 2216 1306 2216 918 2217 1306 2217 916 2217 916 2218 1306 2218 1305 2218 916 2219 1305 2219 924 2219 924 2220 1305 2220 1340 2220 924 2221 1340 2221 922 2221 922 2222 1340 2222 1339 2222 1068 2223 968 2223 1339 2223 1339 2224 968 2224 929 2224 1339 2225 929 2225 922 2225 956 2226 1326 2226 954 2226 954 2227 1326 2227 1325 2227 954 2228 1325 2228 913 2228 913 2229 1325 2229 1324 2229 913 2230 1324 2230 911 2230 911 2231 1324 2231 1322 2231 1319 2232 881 2232 1320 2232 1320 2233 881 2233 883 2233 1320 2234 883 2234 1321 2234 1321 2235 883 2235 885 2235 1321 2236 885 2236 1322 2236 1322 2237 885 2237 898 2237 1322 2238 898 2238 911 2238 881 2239 1319 2239 879 2239 879 2240 1319 2240 1318 2240 879 2241 1318 2241 877 2241 877 2242 1318 2242 1317 2242 877 2243 1317 2243 875 2243 875 2244 1317 2244 1316 2244 875 2245 1316 2245 873 2245 873 2246 1316 2246 1315 2246 873 2247 1315 2247 960 2247 960 2248 1315 2248 1327 2248 960 2249 1327 2249 958 2249 958 2250 1327 2250 1326 2250 958 2251 1326 2251 956 2251 869 2252 1065 2252 848 2252 848 2253 1065 2253 1336 2253 848 2254 1336 2254 849 2254 849 2255 1336 2255 1335 2255 849 2256 1335 2256 851 2256 851 2257 1335 2257 1333 2257 851 2258 1333 2258 853 2258 853 2259 1333 2259 1332 2259 853 2260 1332 2260 859 2260 859 2261 1332 2261 1331 2261 859 2262 1331 2262 860 2262 860 2263 1331 2263 1060 2263 860 2264 1060 2264 862 2264 1349 2265 1007 2265 1350 2265 1350 2266 1007 2266 1010 2266 1350 2267 1010 2267 1351 2267 1351 2268 1010 2268 1018 2268 1351 2269 1018 2269 1352 2269 1352 2270 1018 2270 1017 2270 1011 2271 1353 2271 1012 2271 1012 2272 1353 2272 1354 2272 1012 2273 1354 2273 1020 2273 1020 2274 1354 2274 1355 2274 1020 2275 1355 2275 1019 2275 1019 2276 1355 2276 1356 2276 1019 2277 1356 2277 1017 2277 1017 2278 1356 2278 1357 2278 1017 2279 1357 2279 1352 2279 1353 2280 1011 2280 1009 2280 1353 2281 1009 2281 1358 2281 1358 2282 1009 2282 1014 2282 1358 2283 1014 2283 1359 2283 1359 2284 1014 2284 1013 2284 1359 2285 1013 2285 1360 2285 1360 2286 1013 2286 1015 2286 1360 2287 1015 2287 1361 2287 1361 2288 1015 2288 1016 2288 1361 2289 1016 2289 1362 2289 1362 2290 1016 2290 1008 2290 1362 2291 1008 2291 1363 2291 1363 2292 1008 2292 1007 2292 1363 2293 1007 2293 1349 2293 1364 2294 1000 2294 1365 2294 1365 2295 1000 2295 996 2295 1365 2296 996 2296 1366 2296 1366 2297 996 2297 1367 2297 1367 2298 996 2298 1006 2298 1367 2299 1006 2299 1368 2299 1368 2300 1006 2300 1369 2300 1369 2301 1006 2301 1004 2301 1369 2302 1004 2302 1370 2302 1003 2303 1371 2303 1004 2303 1004 2304 1371 2304 1372 2304 1004 2305 1372 2305 1370 2305 1002 2306 1005 2306 1373 2306 1373 2307 1374 2307 1002 2307 1002 2308 1374 2308 1375 2308 1002 2309 1375 2309 1003 2309 1003 2310 1375 2310 1376 2310 1003 2311 1376 2311 1371 2311 1373 2312 1005 2312 995 2312 1373 2313 995 2313 1377 2313 1377 2314 995 2314 994 2314 1377 2315 994 2315 1378 2315 1378 2316 994 2316 1001 2316 1378 2317 1001 2317 1379 2317 1379 2318 1001 2318 999 2318 1379 2319 999 2319 1380 2319 1380 2320 999 2320 998 2320 1380 2321 998 2321 1381 2321 1381 2322 998 2322 997 2322 1381 2323 997 2323 1382 2323 1382 2324 997 2324 1000 2324 1382 2325 1000 2325 1364 2325 1383 2326 988 2326 1384 2326 1384 2327 988 2327 990 2327 1384 2328 990 2328 1385 2328 1385 2329 990 2329 1386 2329 1386 2330 990 2330 991 2330 1386 2331 991 2331 1387 2331 1387 2332 991 2332 1388 2332 1388 2333 991 2333 985 2333 1388 2334 985 2334 1389 2334 983 2335 1390 2335 985 2335 985 2336 1390 2336 1391 2336 985 2337 1391 2337 1389 2337 982 2338 984 2338 1392 2338 1392 2339 1393 2339 982 2339 982 2340 1393 2340 1394 2340 982 2341 1394 2341 983 2341 983 2342 1394 2342 1395 2342 983 2343 1395 2343 1390 2343 1392 2344 984 2344 1396 2344 1396 2345 984 2345 993 2345 1396 2346 993 2346 1397 2346 1397 2347 993 2347 1398 2347 1398 2348 993 2348 992 2348 1398 2349 992 2349 1399 2349 1399 2350 992 2350 1400 2350 1400 2351 992 2351 989 2351 1400 2352 989 2352 1401 2352 987 2353 1402 2353 989 2353 989 2354 1402 2354 1403 2354 989 2355 1403 2355 1401 2355 986 2356 988 2356 1383 2356 1383 2357 1404 2357 986 2357 986 2358 1404 2358 1405 2358 986 2359 1405 2359 987 2359 987 2360 1405 2360 1406 2360 987 2361 1406 2361 1402 2361 1407 2362 1408 2362 936 2362 936 2363 1408 2363 937 2363 1408 2364 1409 2364 937 2364 937 2365 1409 2365 938 2365 1409 2366 1410 2366 938 2366 938 2367 1410 2367 1411 2367 938 2368 1411 2368 939 2368 1411 2369 1412 2369 939 2369 939 2370 1412 2370 1413 2370 939 2371 1413 2371 941 2371 1413 2372 1414 2372 941 2372 941 2373 1414 2373 1415 2373 941 2374 1415 2374 943 2374 943 2375 1415 2375 1416 2375 943 2376 1416 2376 949 2376 949 2377 1416 2377 1417 2377 949 2378 1417 2378 889 2378 889 2379 1417 2379 1418 2379 889 2380 1418 2380 888 2380 888 2381 1418 2381 1419 2381 888 2382 1419 2382 858 2382 858 2383 1419 2383 1420 2383 858 2384 1420 2384 903 2384 901 2385 903 2385 1420 2385 1420 2386 1421 2386 901 2386 901 2387 1421 2387 1422 2387 901 2388 1422 2388 865 2388 865 2389 1422 2389 1423 2389 1423 2390 1424 2390 865 2390 865 2391 1424 2391 1425 2391 865 2392 1425 2392 863 2392 1426 2393 861 2393 1427 2393 1427 2394 861 2394 863 2394 1427 2395 863 2395 1428 2395 1428 2396 863 2396 1425 2396 861 2397 1426 2397 1429 2397 861 2398 1429 2398 854 2398 854 2399 1429 2399 1430 2399 854 2400 1430 2400 855 2400 855 2401 1430 2401 1431 2401 855 2402 1431 2402 868 2402 868 2403 1431 2403 1432 2403 868 2404 1432 2404 890 2404 890 2405 1432 2405 1433 2405 890 2406 1433 2406 891 2406 891 2407 1433 2407 1434 2407 891 2408 1434 2408 893 2408 1434 2409 1435 2409 893 2409 893 2410 1435 2410 1436 2410 893 2411 1436 2411 895 2411 1436 2412 1437 2412 895 2412 895 2413 1437 2413 1438 2413 895 2414 1438 2414 894 2414 1439 2415 900 2415 1440 2415 1440 2416 900 2416 894 2416 1440 2417 894 2417 1441 2417 1441 2418 894 2418 1438 2418 1439 2419 1442 2419 900 2419 900 2420 1442 2420 899 2420 899 2421 1442 2421 1443 2421 899 2422 1443 2422 909 2422 909 2423 1443 2423 1444 2423 909 2424 1444 2424 910 2424 910 2425 1444 2425 1445 2425 910 2426 1445 2426 912 2426 957 2427 1446 2427 959 2427 959 2428 1446 2428 1447 2428 912 2429 1445 2429 1448 2429 912 2430 1448 2430 952 2430 952 2431 1448 2431 1449 2431 952 2432 1449 2432 953 2432 953 2433 1449 2433 1450 2433 953 2434 1450 2434 955 2434 955 2435 1450 2435 957 2435 957 2436 1450 2436 1451 2436 957 2437 1451 2437 1446 2437 959 2438 1447 2438 1452 2438 959 2439 1452 2439 961 2439 961 2440 1452 2440 1453 2440 961 2441 1453 2441 962 2441 962 2442 1453 2442 1454 2442 962 2443 1454 2443 944 2443 944 2444 1454 2444 976 2444 976 2445 1454 2445 1455 2445 1455 2446 1456 2446 976 2446 976 2447 1456 2447 1457 2447 976 2448 1457 2448 977 2448 1457 2449 1458 2449 977 2449 977 2450 1458 2450 1459 2450 977 2451 1459 2451 979 2451 1459 2452 1460 2452 979 2452 979 2453 1460 2453 1461 2453 979 2454 1461 2454 963 2454 1461 2455 1462 2455 963 2455 963 2456 1462 2456 1463 2456 963 2457 1463 2457 964 2457 1464 2458 965 2458 1465 2458 1465 2459 965 2459 964 2459 1465 2460 964 2460 1466 2460 1466 2461 964 2461 1463 2461 965 2462 1464 2462 1467 2462 965 2463 1467 2463 966 2463 966 2464 1467 2464 1468 2464 966 2465 1468 2465 915 2465 915 2466 1468 2466 1469 2466 915 2467 1469 2467 973 2467 969 2468 1470 2468 1471 2468 969 2469 1471 2469 967 2469 1472 2470 927 2470 1473 2470 1473 2471 927 2471 967 2471 1473 2472 967 2472 1474 2472 1474 2473 967 2473 1471 2473 971 2474 973 2474 1469 2474 1469 2475 1475 2475 971 2475 971 2476 1475 2476 1476 2476 971 2477 1476 2477 969 2477 969 2478 1476 2478 1477 2478 969 2479 1477 2479 1470 2479 927 2480 1472 2480 1478 2480 927 2481 1478 2481 928 2481 928 2482 1478 2482 1479 2482 928 2483 1479 2483 935 2483 935 2484 1479 2484 1407 2484 935 2485 1407 2485 936 2485 1353 2486 644 2486 1354 2486 1354 2487 644 2487 646 2487 1354 2488 646 2488 1355 2488 1355 2489 646 2489 648 2489 1355 2490 648 2490 1356 2490 1356 2491 648 2491 707 2491 1356 2492 707 2492 1357 2492 1357 2493 707 2493 705 2493 1357 2494 705 2494 1352 2494 1352 2495 705 2495 519 2495 1352 2496 519 2496 1351 2496 1351 2497 519 2497 518 2497 1351 2498 518 2498 1350 2498 1350 2499 518 2499 697 2499 1350 2500 697 2500 1349 2500 1349 2501 697 2501 696 2501 1349 2502 696 2502 1363 2502 1363 2503 696 2503 695 2503 1363 2504 695 2504 1362 2504 1362 2505 695 2505 694 2505 1362 2506 694 2506 1361 2506 1361 2507 694 2507 693 2507 1361 2508 693 2508 1360 2508 1360 2509 693 2509 531 2509 1360 2510 531 2510 1359 2510 1359 2511 531 2511 526 2511 1359 2512 526 2512 1358 2512 1358 2513 526 2513 529 2513 1358 2514 529 2514 1353 2514 1353 2515 529 2515 644 2515 565 2516 1374 2516 567 2516 567 2517 1374 2517 1373 2517 575 2518 574 2518 1364 2518 1364 2519 1365 2519 575 2519 575 2520 1365 2520 1366 2520 575 2521 1366 2521 667 2521 667 2522 1366 2522 1367 2522 667 2523 1367 2523 561 2523 561 2524 1367 2524 1368 2524 561 2525 1368 2525 562 2525 1368 2526 1369 2526 562 2526 562 2527 1369 2527 1370 2527 562 2528 1370 2528 563 2528 563 2529 1370 2529 1372 2529 563 2530 1372 2530 564 2530 1372 2531 1371 2531 564 2531 564 2532 1371 2532 1376 2532 564 2533 1376 2533 565 2533 565 2534 1376 2534 1375 2534 565 2535 1375 2535 1374 2535 1364 2536 574 2536 1382 2536 1382 2537 574 2537 572 2537 1382 2538 572 2538 1381 2538 1381 2539 572 2539 571 2539 1381 2540 571 2540 1380 2540 1380 2541 571 2541 569 2541 1380 2542 569 2542 1379 2542 1379 2543 569 2543 568 2543 1379 2544 568 2544 1378 2544 1378 2545 568 2545 576 2545 1378 2546 576 2546 1377 2546 1377 2547 576 2547 578 2547 1377 2548 578 2548 1373 2548 1373 2549 578 2549 567 2549 605 2550 603 2550 1383 2550 1383 2551 1384 2551 605 2551 605 2552 1384 2552 1385 2552 605 2553 1385 2553 607 2553 1385 2554 1386 2554 607 2554 607 2555 1386 2555 1387 2555 607 2556 1387 2556 596 2556 1387 2557 1388 2557 596 2557 596 2558 1388 2558 1389 2558 596 2559 1389 2559 597 2559 597 2560 1389 2560 1391 2560 597 2561 1391 2561 594 2561 1391 2562 1390 2562 594 2562 594 2563 1390 2563 1395 2563 594 2564 1395 2564 591 2564 1392 2565 589 2565 1393 2565 1393 2566 589 2566 591 2566 1393 2567 591 2567 1394 2567 1394 2568 591 2568 1395 2568 584 2569 589 2569 1392 2569 1392 2570 1396 2570 584 2570 584 2571 1396 2571 1397 2571 584 2572 1397 2572 585 2572 585 2573 1397 2573 1398 2573 585 2574 1398 2574 586 2574 586 2575 1398 2575 1399 2575 586 2576 1399 2576 587 2576 587 2577 1399 2577 1400 2577 587 2578 1400 2578 598 2578 1400 2579 1401 2579 598 2579 598 2580 1401 2580 1403 2580 598 2581 1403 2581 599 2581 1403 2582 1402 2582 599 2582 599 2583 1402 2583 1406 2583 599 2584 1406 2584 601 2584 1383 2585 603 2585 1404 2585 1404 2586 603 2586 601 2586 1404 2587 601 2587 1405 2587 1405 2588 601 2588 1406 2588 632 2589 828 2589 845 2589 632 2590 845 2590 633 2590 633 2591 845 2591 846 2591 633 2592 846 2592 638 2592 638 2593 846 2593 843 2593 638 2594 843 2594 639 2594 639 2595 843 2595 842 2595 639 2596 842 2596 641 2596 641 2597 842 2597 844 2597 641 2598 844 2598 709 2598 709 2599 844 2599 841 2599 709 2600 841 2600 708 2600 708 2601 841 2601 839 2601 708 2602 839 2602 706 2602 649 2603 706 2603 839 2603 839 2604 838 2604 649 2604 649 2605 838 2605 840 2605 649 2606 840 2606 650 2606 840 2607 837 2607 650 2607 650 2608 837 2608 836 2608 650 2609 836 2609 652 2609 652 2610 836 2610 835 2610 835 2611 834 2611 652 2611 652 2612 834 2612 833 2612 652 2613 833 2613 654 2613 833 2614 832 2614 654 2614 654 2615 832 2615 831 2615 654 2616 831 2616 655 2616 828 2617 632 2617 829 2617 829 2618 632 2618 655 2618 829 2619 655 2619 830 2619 830 2620 655 2620 831 2620 720 2621 808 2621 721 2621 721 2622 808 2622 825 2622 721 2623 825 2623 726 2623 726 2624 825 2624 826 2624 726 2625 826 2625 727 2625 727 2626 826 2626 823 2626 727 2627 823 2627 728 2627 728 2628 823 2628 822 2628 728 2629 822 2629 722 2629 722 2630 822 2630 824 2630 722 2631 824 2631 723 2631 723 2632 824 2632 821 2632 723 2633 821 2633 724 2633 724 2634 821 2634 819 2634 725 2635 724 2635 819 2635 819 2636 818 2636 725 2636 725 2637 818 2637 820 2637 725 2638 820 2638 716 2638 820 2639 817 2639 716 2639 716 2640 817 2640 816 2640 716 2641 816 2641 717 2641 717 2642 816 2642 815 2642 815 2643 814 2643 717 2643 717 2644 814 2644 813 2644 717 2645 813 2645 718 2645 813 2646 812 2646 718 2646 718 2647 812 2647 811 2647 718 2648 811 2648 719 2648 808 2649 720 2649 809 2649 809 2650 720 2650 719 2650 809 2651 719 2651 810 2651 810 2652 719 2652 811 2652 691 2653 797 2653 690 2653 690 2654 797 2654 805 2654 690 2655 805 2655 689 2655 689 2656 805 2656 806 2656 689 2657 806 2657 685 2657 685 2658 806 2658 803 2658 685 2659 803 2659 686 2659 686 2660 803 2660 802 2660 686 2661 802 2661 687 2661 687 2662 802 2662 804 2662 687 2663 804 2663 688 2663 688 2664 804 2664 801 2664 688 2665 801 2665 698 2665 698 2666 801 2666 799 2666 698 2667 799 2667 798 2667 698 2668 798 2668 699 2668 699 2669 798 2669 800 2669 699 2670 800 2670 701 2670 701 2671 800 2671 794 2671 701 2672 794 2672 703 2672 703 2673 794 2673 793 2673 703 2674 793 2674 704 2674 704 2675 793 2675 795 2675 704 2676 795 2676 692 2676 692 2677 795 2677 796 2677 692 2678 796 2678 520 2678 520 2679 796 2679 797 2679 520 2680 797 2680 691 2680 549 2681 770 2681 790 2681 549 2682 790 2682 550 2682 550 2683 790 2683 791 2683 550 2684 791 2684 552 2684 552 2685 791 2685 789 2685 552 2686 789 2686 555 2686 789 2687 788 2687 555 2687 555 2688 788 2688 787 2688 555 2689 787 2689 557 2689 557 2690 787 2690 786 2690 557 2691 786 2691 559 2691 559 2692 786 2692 785 2692 785 2693 784 2693 559 2693 559 2694 784 2694 783 2694 559 2695 783 2695 560 2695 560 2696 783 2696 781 2696 560 2697 781 2697 544 2697 546 2698 544 2698 781 2698 781 2699 780 2699 546 2699 546 2700 780 2700 782 2700 546 2701 782 2701 547 2701 782 2702 779 2702 547 2702 547 2703 779 2703 778 2703 547 2704 778 2704 541 2704 541 2705 778 2705 777 2705 777 2706 776 2706 541 2706 541 2707 776 2707 775 2707 541 2708 775 2708 542 2708 775 2709 774 2709 542 2709 542 2710 774 2710 773 2710 542 2711 773 2711 548 2711 770 2712 549 2712 771 2712 771 2713 549 2713 548 2713 771 2714 548 2714 772 2714 772 2715 548 2715 773 2715 675 2716 674 2716 750 2716 750 2717 767 2717 675 2717 675 2718 767 2718 768 2718 675 2719 768 2719 676 2719 768 2720 765 2720 676 2720 676 2721 765 2721 764 2721 676 2722 764 2722 677 2722 677 2723 764 2723 763 2723 763 2724 762 2724 677 2724 677 2725 762 2725 761 2725 677 2726 761 2726 679 2726 761 2727 760 2727 679 2727 679 2728 760 2728 759 2728 679 2729 759 2729 680 2729 756 2730 681 2730 766 2730 766 2731 681 2731 680 2731 766 2732 680 2732 758 2732 758 2733 680 2733 759 2733 681 2734 756 2734 682 2734 682 2735 756 2735 755 2735 682 2736 755 2736 683 2736 683 2737 755 2737 757 2737 683 2738 757 2738 684 2738 684 2739 757 2739 753 2739 684 2740 753 2740 670 2740 670 2741 753 2741 752 2741 670 2742 752 2742 672 2742 672 2743 752 2743 754 2743 672 2744 754 2744 673 2744 673 2745 754 2745 751 2745 673 2746 751 2746 674 2746 674 2747 751 2747 750 2747 592 2748 730 2748 747 2748 592 2749 747 2749 593 2749 593 2750 747 2750 748 2750 593 2751 748 2751 595 2751 595 2752 748 2752 745 2752 595 2753 745 2753 612 2753 612 2754 745 2754 744 2754 612 2755 744 2755 613 2755 613 2756 744 2756 746 2756 613 2757 746 2757 656 2757 656 2758 746 2758 743 2758 656 2759 743 2759 657 2759 657 2760 743 2760 741 2760 657 2761 741 2761 658 2761 660 2762 658 2762 741 2762 741 2763 740 2763 660 2763 660 2764 740 2764 742 2764 660 2765 742 2765 662 2765 742 2766 739 2766 662 2766 662 2767 739 2767 738 2767 662 2768 738 2768 664 2768 664 2769 738 2769 737 2769 737 2770 736 2770 664 2770 664 2771 736 2771 735 2771 664 2772 735 2772 665 2772 735 2773 734 2773 665 2773 665 2774 734 2774 733 2774 665 2775 733 2775 666 2775 730 2776 592 2776 731 2776 731 2777 592 2777 666 2777 731 2778 666 2778 732 2778 732 2779 666 2779 733 2779 523 2780 540 2780 1417 2780 1417 2781 1416 2781 523 2781 523 2782 1416 2782 1415 2782 523 2783 1415 2783 524 2783 524 2784 1415 2784 1414 2784 524 2785 1414 2785 533 2785 533 2786 1414 2786 1413 2786 533 2787 1413 2787 534 2787 1413 2788 1412 2788 534 2788 534 2789 1412 2789 1411 2789 534 2790 1411 2790 532 2790 532 2791 1411 2791 1410 2791 532 2792 1410 2792 530 2792 530 2793 1410 2793 1409 2793 530 2794 1409 2794 527 2794 527 2795 1409 2795 1408 2795 527 2796 1408 2796 528 2796 528 2797 1408 2797 1407 2797 551 2798 1420 2798 1419 2798 551 2799 1419 2799 537 2799 537 2800 1419 2800 1418 2800 537 2801 1418 2801 538 2801 538 2802 1418 2802 1417 2802 538 2803 1417 2803 540 2803 566 2804 1426 2804 543 2804 543 2805 1426 2805 1427 2805 543 2806 1427 2806 558 2806 558 2807 1427 2807 1428 2807 558 2808 1428 2808 556 2808 556 2809 1428 2809 1425 2809 556 2810 1425 2810 554 2810 1425 2811 1424 2811 554 2811 554 2812 1424 2812 1423 2812 554 2813 1423 2813 553 2813 1420 2814 551 2814 1421 2814 1421 2815 551 2815 553 2815 1421 2816 553 2816 1422 2816 1422 2817 553 2817 1423 2817 577 2818 1431 2818 1430 2818 577 2819 1430 2819 579 2819 579 2820 1430 2820 1429 2820 579 2821 1429 2821 580 2821 580 2822 1429 2822 1426 2822 580 2823 1426 2823 566 2823 604 2824 1442 2824 602 2824 602 2825 1442 2825 1439 2825 602 2826 1439 2826 600 2826 600 2827 1439 2827 1440 2827 600 2828 1440 2828 588 2828 588 2829 1440 2829 1441 2829 588 2830 1441 2830 678 2830 1441 2831 1438 2831 678 2831 678 2832 1438 2832 1437 2832 678 2833 1437 2833 582 2833 1437 2834 1436 2834 582 2834 582 2835 1436 2835 1435 2835 582 2836 1435 2836 581 2836 1435 2837 1434 2837 581 2837 581 2838 1434 2838 1433 2838 581 2839 1433 2839 570 2839 1433 2840 1432 2840 570 2840 570 2841 1432 2841 1431 2841 570 2842 1431 2842 577 2842 609 2843 1445 2843 1444 2843 609 2844 1444 2844 608 2844 608 2845 1444 2845 1443 2845 608 2846 1443 2846 606 2846 606 2847 1443 2847 1442 2847 606 2848 1442 2848 604 2848 1445 2849 609 2849 1448 2849 1448 2850 609 2850 610 2850 1448 2851 610 2851 1449 2851 1449 2852 610 2852 611 2852 1449 2853 611 2853 1450 2853 1450 2854 611 2854 620 2854 1450 2855 620 2855 1451 2855 1451 2856 620 2856 619 2856 1451 2857 619 2857 1446 2857 1446 2858 619 2858 617 2858 1446 2859 617 2859 1447 2859 1447 2860 617 2860 615 2860 622 2861 1454 2861 1453 2861 622 2862 1453 2862 623 2862 623 2863 1453 2863 1452 2863 623 2864 1452 2864 614 2864 614 2865 1452 2865 1447 2865 614 2866 1447 2866 615 2866 629 2867 1464 2867 1465 2867 1455 2868 1454 2868 621 2868 621 2869 1454 2869 622 2869 629 2870 1465 2870 627 2870 627 2871 1465 2871 1466 2871 627 2872 1466 2872 624 2872 1466 2873 1463 2873 624 2873 624 2874 1463 2874 1462 2874 624 2875 1462 2875 625 2875 1462 2876 1461 2876 625 2876 625 2877 1461 2877 1460 2877 625 2878 1460 2878 626 2878 626 2879 1460 2879 1459 2879 626 2880 1459 2880 521 2880 1459 2881 1458 2881 521 2881 521 2882 1458 2882 1457 2882 521 2883 1457 2883 621 2883 621 2884 1457 2884 1456 2884 621 2885 1456 2885 1455 2885 635 2886 1469 2886 1468 2886 635 2887 1468 2887 634 2887 634 2888 1468 2888 1467 2888 634 2889 1467 2889 630 2889 630 2890 1467 2890 1464 2890 630 2891 1464 2891 629 2891 647 2892 645 2892 1472 2892 1472 2893 1473 2893 647 2893 647 2894 1473 2894 1474 2894 647 2895 1474 2895 710 2895 710 2896 1474 2896 1471 2896 710 2897 1471 2897 640 2897 640 2898 1471 2898 1470 2898 640 2899 1470 2899 637 2899 637 2900 1470 2900 1477 2900 637 2901 1477 2901 636 2901 1469 2902 635 2902 1475 2902 1475 2903 635 2903 636 2903 1475 2904 636 2904 1476 2904 1476 2905 636 2905 1477 2905 528 2906 1407 2906 1479 2906 528 2907 1479 2907 642 2907 642 2908 1479 2908 1478 2908 642 2909 1478 2909 643 2909 643 2910 1478 2910 1472 2910 643 2911 1472 2911 645 2911 497 2912 1480 2912 502 2912 502 2913 1480 2913 1481 2913 502 2914 1481 2914 503 2914 503 2915 1481 2915 505 2915 505 2916 1481 2916 1482 2916 505 2917 1482 2917 506 2917 506 2918 1482 2918 508 2918 508 2919 1482 2919 1483 2919 508 2920 1483 2920 510 2920 510 2921 1483 2921 511 2921 511 2922 1483 2922 1484 2922 511 2923 1484 2923 513 2923 513 2924 1484 2924 514 2924 514 2925 1484 2925 1485 2925 514 2926 1485 2926 517 2926 517 2927 1485 2927 516 2927 516 2928 1485 2928 1486 2928 516 2929 1486 2929 481 2929 481 2930 1486 2930 482 2930 482 2931 1486 2931 1487 2931 482 2932 1487 2932 483 2932 483 2933 1487 2933 485 2933 485 2934 1487 2934 1488 2934 485 2935 1488 2935 487 2935 487 2936 1488 2936 489 2936 489 2937 1488 2937 1489 2937 489 2938 1489 2938 491 2938 491 2939 1489 2939 492 2939 492 2940 1489 2940 1490 2940 492 2941 1490 2941 494 2941 494 2942 1490 2942 495 2942 495 2943 1490 2943 1491 2943 495 2944 1491 2944 500 2944 500 2945 1491 2945 499 2945 499 2946 1491 2946 1480 2946 499 2947 1480 2947 497 2947 1485 2948 1484 2948 1486 2948 1486 2949 1484 2949 1483 2949 1491 2950 1490 2950 1480 2950 1480 2951 1490 2951 1489 2951 1481 2952 1480 2952 1482 2952 1482 2953 1480 2953 1489 2953 1482 2954 1489 2954 1483 2954 1483 2955 1489 2955 1488 2955 1483 2956 1488 2956 1486 2956 1486 2957 1488 2957 1487 2957 1492 2958 1493 2958 1494 2958 1495 2959 1496 2959 1497 2959 1494 2960 1493 2960 1498 2960 1499 2961 1500 2961 1501 2961 1502 2962 1503 2962 1504 2962 1505 2963 1506 2963 1507 2963 1507 2964 1506 2964 1508 2964 1509 2965 1510 2965 1511 2965 1512 2966 1513 2966 1514 2966 1514 2967 1513 2967 1515 2967 1514 2968 1515 2968 1516 2968 1504 2969 1503 2969 1517 2969 1517 2970 1503 2970 1518 2970 1517 2971 1518 2971 1519 2971 1520 2972 1521 2972 1509 2972 1493 2973 1522 2973 1498 2973 1498 2974 1522 2974 1523 2974 1498 2975 1523 2975 1497 2975 1497 2976 1523 2976 1516 2976 1524 2977 1525 2977 1526 2977 1526 2978 1525 2978 1527 2978 1526 2979 1527 2979 1504 2979 1504 2980 1527 2980 1528 2980 1504 2981 1528 2981 1502 2981 1520 2982 1509 2982 1529 2982 1529 2983 1509 2983 1511 2983 1529 2984 1511 2984 1506 2984 1506 2985 1511 2985 1530 2985 1506 2986 1530 2986 1508 2986 1515 2987 1531 2987 1516 2987 1516 2988 1531 2988 1532 2988 1516 2989 1532 2989 1497 2989 1497 2990 1532 2990 1533 2990 1497 2991 1533 2991 1495 2991 1534 2992 1517 2992 1535 2992 1535 2993 1517 2993 1519 2993 1535 2994 1519 2994 1536 2994 1536 2995 1519 2995 1537 2995 1538 2996 1539 2996 1540 2996 1496 2997 1541 2997 1497 2997 1497 2998 1541 2998 1542 2998 1497 2999 1542 2999 1543 2999 1543 3000 1542 3000 1524 3000 1543 3001 1524 3001 1501 3001 1501 3002 1524 3002 1526 3002 1501 3003 1526 3003 1499 3003 1544 3004 1545 3004 1546 3004 1546 3005 1545 3005 1513 3005 1492 3006 1494 3006 1540 3006 1540 3007 1494 3007 1547 3007 1540 3008 1547 3008 1538 3008 1512 3009 1548 3009 1513 3009 1513 3010 1548 3010 1549 3010 1513 3011 1549 3011 1546 3011 1546 3012 1549 3012 1550 3012 1546 3013 1550 3013 1539 3013 1539 3014 1550 3014 1551 3014 1539 3015 1551 3015 1540 3015 1532 3016 1552 3016 1533 3016 1533 3017 1552 3017 1553 3017 1533 3018 1553 3018 1554 3018 1554 3019 1553 3019 1555 3019 1554 3020 1555 3020 1556 3020 1556 3021 1555 3021 1557 3021 1556 3022 1557 3022 1558 3022 1505 3023 1556 3023 1506 3023 1506 3024 1556 3024 1558 3024 1506 3025 1558 3025 1559 3025 1559 3026 1558 3026 1544 3026 1559 3027 1544 3027 1560 3027 1560 3028 1544 3028 1546 3028 1561 3029 1562 3029 1563 3029 1563 3030 1562 3030 1564 3030 1565 3031 1566 3031 1567 3031 1567 3032 1568 3032 1565 3032 1565 3033 1568 3033 1569 3033 1565 3034 1569 3034 1563 3034 1563 3035 1569 3035 1570 3035 1563 3036 1570 3036 1561 3036 1571 3037 1572 3037 1573 3037 1573 3038 1572 3038 1574 3038 1573 3039 1574 3039 1575 3039 1575 3040 1574 3040 1576 3040 1575 3041 1576 3041 1562 3041 1562 3042 1576 3042 1577 3042 1562 3043 1577 3043 1564 3043 1578 3044 1579 3044 1532 3044 1532 3045 1579 3045 1552 3045 1580 3046 1524 3046 1542 3046 1581 3047 1582 3047 1541 3047 1582 3048 1583 3048 1541 3048 1541 3049 1583 3049 1584 3049 1541 3050 1584 3050 1542 3050 1542 3051 1584 3051 1585 3051 1542 3052 1585 3052 1580 3052 1533 3053 1586 3053 1495 3053 1495 3054 1586 3054 1587 3054 1587 3055 1588 3055 1495 3055 1495 3056 1588 3056 1589 3056 1495 3057 1589 3057 1496 3057 1581 3058 1541 3058 1590 3058 1590 3059 1541 3059 1496 3059 1590 3060 1496 3060 1591 3060 1591 3061 1496 3061 1589 3061 1591 3062 1589 3062 1592 3062 1593 3063 1594 3063 1595 3063 1596 3064 1597 3064 1598 3064 1599 3065 1596 3065 1600 3065 1600 3066 1596 3066 1593 3066 1600 3067 1593 3067 1601 3067 1601 3068 1593 3068 1595 3068 1602 3069 1593 3069 1603 3069 1603 3070 1593 3070 1596 3070 1603 3071 1596 3071 1604 3071 1604 3072 1596 3072 1598 3072 1605 3073 1606 3073 1607 3073 1605 3074 1608 3074 1609 3074 1610 3075 1611 3075 1612 3075 1612 3076 1611 3076 1605 3076 1612 3077 1605 3077 1613 3077 1613 3078 1605 3078 1609 3078 1614 3079 1608 3079 1615 3079 1615 3080 1608 3080 1605 3080 1615 3081 1605 3081 1616 3081 1616 3082 1605 3082 1607 3082 1617 3083 1618 3083 1619 3083 1617 3084 1619 3084 1620 3084 1620 3085 1619 3085 1621 3085 1620 3086 1621 3086 1622 3086 1618 3087 1623 3087 1619 3087 1619 3088 1623 3088 1624 3088 1619 3089 1624 3089 1625 3089 1622 3090 1626 3090 1620 3090 1620 3091 1626 3091 1627 3091 1620 3092 1627 3092 1628 3092 1629 3093 1630 3093 1631 3093 1629 3094 1631 3094 1632 3094 1632 3095 1631 3095 1633 3095 1632 3096 1633 3096 1634 3096 1630 3097 1635 3097 1631 3097 1631 3098 1635 3098 1636 3098 1631 3099 1636 3099 1637 3099 1634 3100 1638 3100 1632 3100 1632 3101 1638 3101 1639 3101 1632 3102 1639 3102 1640 3102 1641 3103 1642 3103 1643 3103 1644 3104 1645 3104 1646 3104 1647 3105 1644 3105 1648 3105 1648 3106 1644 3106 1646 3106 1648 3107 1646 3107 1649 3107 1649 3108 1646 3108 1643 3108 1650 3109 1641 3109 1651 3109 1651 3110 1641 3110 1643 3110 1651 3111 1643 3111 1652 3111 1652 3112 1643 3112 1646 3112 1653 3113 1654 3113 1655 3113 1653 3114 1656 3114 1657 3114 1658 3115 1659 3115 1660 3115 1660 3116 1659 3116 1653 3116 1660 3117 1653 3117 1661 3117 1661 3118 1653 3118 1657 3118 1662 3119 1656 3119 1663 3119 1663 3120 1656 3120 1653 3120 1663 3121 1653 3121 1664 3121 1664 3122 1653 3122 1655 3122 1665 3123 1666 3123 1667 3123 1668 3124 1669 3124 1670 3124 1670 3125 1669 3125 1665 3125 1670 3126 1665 3126 1671 3126 1671 3127 1665 3127 1667 3127 1671 3128 1667 3128 1672 3128 1673 3129 1674 3129 1665 3129 1674 3130 1675 3130 1665 3130 1665 3131 1675 3131 1676 3131 1665 3132 1676 3132 1666 3132 1669 3133 1677 3133 1665 3133 1665 3134 1677 3134 1678 3134 1665 3135 1678 3135 1673 3135 1679 3136 1680 3136 1681 3136 1680 3137 1682 3137 1681 3137 1681 3138 1682 3138 1683 3138 1681 3139 1683 3139 1684 3139 1685 3140 1686 3140 1681 3140 1681 3141 1686 3141 1687 3141 1681 3142 1687 3142 1679 3142 1681 3143 1684 3143 1688 3143 1689 3144 1685 3144 1690 3144 1690 3145 1685 3145 1681 3145 1690 3146 1681 3146 1691 3146 1691 3147 1681 3147 1688 3147 1691 3148 1688 3148 1692 3148 1693 3149 1596 3149 1694 3149 1694 3150 1596 3150 1599 3150 1694 3151 1599 3151 1695 3151 1695 3152 1599 3152 1600 3152 1695 3153 1600 3153 1696 3153 1696 3154 1600 3154 1601 3154 1696 3155 1601 3155 1697 3155 1697 3156 1601 3156 1595 3156 1697 3157 1595 3157 1698 3157 1698 3158 1595 3158 1594 3158 1698 3159 1594 3159 1699 3159 1699 3160 1594 3160 1593 3160 1699 3161 1593 3161 1700 3161 1700 3162 1593 3162 1602 3162 1700 3163 1602 3163 1701 3163 1701 3164 1602 3164 1603 3164 1701 3165 1603 3165 1702 3165 1702 3166 1603 3166 1604 3166 1702 3167 1604 3167 1703 3167 1703 3168 1604 3168 1598 3168 1703 3169 1598 3169 1704 3169 1704 3170 1598 3170 1597 3170 1704 3171 1597 3171 1693 3171 1693 3172 1597 3172 1596 3172 1705 3173 1608 3173 1706 3173 1706 3174 1608 3174 1614 3174 1706 3175 1614 3175 1707 3175 1707 3176 1614 3176 1615 3176 1707 3177 1615 3177 1708 3177 1708 3178 1615 3178 1616 3178 1708 3179 1616 3179 1709 3179 1709 3180 1616 3180 1607 3180 1709 3181 1607 3181 1710 3181 1710 3182 1607 3182 1606 3182 1710 3183 1606 3183 1711 3183 1711 3184 1606 3184 1605 3184 1711 3185 1605 3185 1712 3185 1712 3186 1605 3186 1611 3186 1712 3187 1611 3187 1713 3187 1713 3188 1611 3188 1610 3188 1713 3189 1610 3189 1714 3189 1714 3190 1610 3190 1612 3190 1714 3191 1612 3191 1715 3191 1715 3192 1612 3192 1613 3192 1715 3193 1613 3193 1716 3193 1716 3194 1613 3194 1609 3194 1716 3195 1609 3195 1705 3195 1705 3196 1609 3196 1608 3196 1717 3197 1718 3197 1719 3197 1720 3198 1718 3198 1717 3198 1721 3199 1720 3199 1717 3199 1717 3200 1722 3200 1723 3200 1724 3201 1722 3201 1717 3201 1719 3202 1724 3202 1717 3202 1717 3203 1723 3203 1725 3203 1717 3204 1726 3204 1727 3204 1728 3205 1726 3205 1717 3205 1725 3206 1728 3206 1717 3206 1717 3207 1729 3207 1721 3207 1730 3208 1729 3208 1717 3208 1727 3209 1730 3209 1717 3209 1731 3210 1620 3210 1732 3210 1732 3211 1620 3211 1628 3211 1732 3212 1628 3212 1733 3212 1733 3213 1628 3213 1734 3213 1734 3214 1628 3214 1627 3214 1734 3215 1627 3215 1735 3215 1735 3216 1627 3216 1736 3216 1736 3217 1627 3217 1626 3217 1736 3218 1626 3218 1737 3218 1737 3219 1626 3219 1738 3219 1738 3220 1626 3220 1622 3220 1738 3221 1622 3221 1739 3221 1739 3222 1622 3222 1740 3222 1740 3223 1622 3223 1621 3223 1740 3224 1621 3224 1741 3224 1741 3225 1621 3225 1742 3225 1742 3226 1621 3226 1619 3226 1742 3227 1619 3227 1743 3227 1743 3228 1619 3228 1744 3228 1744 3229 1619 3229 1625 3229 1744 3230 1625 3230 1745 3230 1745 3231 1625 3231 1624 3231 1745 3232 1624 3232 1746 3232 1746 3233 1624 3233 1623 3233 1746 3234 1623 3234 1747 3234 1747 3235 1623 3235 1618 3235 1747 3236 1618 3236 1748 3236 1748 3237 1618 3237 1617 3237 1748 3238 1617 3238 1731 3238 1731 3239 1617 3239 1620 3239 1749 3240 1750 3240 1751 3240 1752 3241 1750 3241 1749 3241 1753 3242 1752 3242 1749 3242 1749 3243 1754 3243 1755 3243 1756 3244 1754 3244 1749 3244 1751 3245 1756 3245 1749 3245 1749 3246 1755 3246 1757 3246 1749 3247 1758 3247 1759 3247 1760 3248 1758 3248 1749 3248 1757 3249 1760 3249 1749 3249 1749 3250 1761 3250 1753 3250 1762 3251 1761 3251 1749 3251 1759 3252 1762 3252 1749 3252 1763 3253 1632 3253 1764 3253 1764 3254 1632 3254 1640 3254 1764 3255 1640 3255 1765 3255 1765 3256 1640 3256 1766 3256 1766 3257 1640 3257 1639 3257 1766 3258 1639 3258 1767 3258 1767 3259 1639 3259 1768 3259 1768 3260 1639 3260 1638 3260 1768 3261 1638 3261 1769 3261 1769 3262 1638 3262 1770 3262 1770 3263 1638 3263 1634 3263 1770 3264 1634 3264 1771 3264 1771 3265 1634 3265 1772 3265 1772 3266 1634 3266 1633 3266 1772 3267 1633 3267 1773 3267 1773 3268 1633 3268 1774 3268 1774 3269 1633 3269 1631 3269 1774 3270 1631 3270 1775 3270 1775 3271 1631 3271 1776 3271 1776 3272 1631 3272 1637 3272 1776 3273 1637 3273 1777 3273 1777 3274 1637 3274 1636 3274 1777 3275 1636 3275 1778 3275 1778 3276 1636 3276 1635 3276 1778 3277 1635 3277 1779 3277 1779 3278 1635 3278 1630 3278 1779 3279 1630 3279 1780 3279 1780 3280 1630 3280 1629 3280 1780 3281 1629 3281 1763 3281 1763 3282 1629 3282 1632 3282 1572 3283 1781 3283 1782 3283 1783 3284 1566 3284 1784 3284 1785 3285 1650 3285 1786 3285 1786 3286 1650 3286 1651 3286 1786 3287 1651 3287 1787 3287 1787 3288 1651 3288 1652 3288 1787 3289 1652 3289 1788 3289 1788 3290 1652 3290 1646 3290 1788 3291 1646 3291 1789 3291 1789 3292 1646 3292 1645 3292 1789 3293 1645 3293 1790 3293 1790 3294 1645 3294 1644 3294 1790 3295 1644 3295 1791 3295 1791 3296 1644 3296 1647 3296 1791 3297 1647 3297 1792 3297 1792 3298 1647 3298 1648 3298 1792 3299 1648 3299 1793 3299 1793 3300 1648 3300 1649 3300 1793 3301 1649 3301 1794 3301 1794 3302 1649 3302 1643 3302 1794 3303 1643 3303 1795 3303 1795 3304 1643 3304 1642 3304 1795 3305 1642 3305 1796 3305 1796 3306 1642 3306 1641 3306 1796 3307 1641 3307 1785 3307 1785 3308 1641 3308 1650 3308 1797 3309 1656 3309 1798 3309 1798 3310 1656 3310 1662 3310 1798 3311 1662 3311 1799 3311 1799 3312 1662 3312 1663 3312 1799 3313 1663 3313 1800 3313 1800 3314 1663 3314 1664 3314 1800 3315 1664 3315 1801 3315 1801 3316 1664 3316 1655 3316 1801 3317 1655 3317 1802 3317 1802 3318 1655 3318 1654 3318 1802 3319 1654 3319 1803 3319 1803 3320 1654 3320 1653 3320 1803 3321 1653 3321 1804 3321 1804 3322 1653 3322 1659 3322 1804 3323 1659 3323 1805 3323 1805 3324 1659 3324 1658 3324 1805 3325 1658 3325 1806 3325 1806 3326 1658 3326 1660 3326 1806 3327 1660 3327 1807 3327 1807 3328 1660 3328 1661 3328 1807 3329 1661 3329 1808 3329 1808 3330 1661 3330 1657 3330 1808 3331 1657 3331 1797 3331 1797 3332 1657 3332 1656 3332 1809 3333 1810 3333 1811 3333 1812 3334 1810 3334 1809 3334 1813 3335 1812 3335 1809 3335 1809 3336 1814 3336 1815 3336 1816 3337 1814 3337 1809 3337 1811 3338 1816 3338 1809 3338 1809 3339 1815 3339 1817 3339 1809 3340 1818 3340 1819 3340 1820 3341 1818 3341 1809 3341 1817 3342 1820 3342 1809 3342 1809 3343 1821 3343 1813 3343 1822 3344 1821 3344 1809 3344 1819 3345 1822 3345 1809 3345 1823 3346 1824 3346 1825 3346 1823 3347 1826 3347 1827 3347 1828 3348 1826 3348 1823 3348 1825 3349 1828 3349 1823 3349 1823 3350 1829 3350 1830 3350 1831 3351 1829 3351 1823 3351 1827 3352 1831 3352 1823 3352 1823 3353 1832 3353 1833 3353 1834 3354 1832 3354 1823 3354 1830 3355 1834 3355 1823 3355 1823 3356 1835 3356 1824 3356 1836 3357 1835 3357 1823 3357 1833 3358 1836 3358 1823 3358 1837 3359 1838 3359 1839 3359 1839 3360 1838 3360 1840 3360 1839 3361 1840 3361 1841 3361 1842 3362 1843 3362 1840 3362 1840 3363 1843 3363 1844 3363 1840 3364 1844 3364 1841 3364 1845 3365 1842 3365 1846 3365 1846 3366 1842 3366 1840 3366 1846 3367 1840 3367 1847 3367 1838 3368 1848 3368 1840 3368 1840 3369 1848 3369 1849 3369 1840 3370 1849 3370 1847 3370 1850 3371 1669 3371 1851 3371 1851 3372 1669 3372 1668 3372 1851 3373 1668 3373 1852 3373 1852 3374 1668 3374 1670 3374 1852 3375 1670 3375 1853 3375 1853 3376 1670 3376 1671 3376 1853 3377 1671 3377 1854 3377 1854 3378 1671 3378 1672 3378 1854 3379 1672 3379 1855 3379 1855 3380 1672 3380 1667 3380 1855 3381 1667 3381 1856 3381 1856 3382 1667 3382 1666 3382 1856 3383 1666 3383 1857 3383 1857 3384 1666 3384 1676 3384 1857 3385 1676 3385 1858 3385 1858 3386 1676 3386 1675 3386 1858 3387 1675 3387 1859 3387 1859 3388 1675 3388 1674 3388 1859 3389 1674 3389 1860 3389 1860 3390 1674 3390 1673 3390 1860 3391 1673 3391 1861 3391 1861 3392 1673 3392 1678 3392 1861 3393 1678 3393 1862 3393 1862 3394 1678 3394 1677 3394 1862 3395 1677 3395 1850 3395 1850 3396 1677 3396 1669 3396 1863 3397 1684 3397 1864 3397 1864 3398 1684 3398 1683 3398 1864 3399 1683 3399 1865 3399 1865 3400 1683 3400 1682 3400 1865 3401 1682 3401 1866 3401 1866 3402 1682 3402 1680 3402 1866 3403 1680 3403 1867 3403 1867 3404 1680 3404 1679 3404 1867 3405 1679 3405 1868 3405 1868 3406 1679 3406 1687 3406 1868 3407 1687 3407 1869 3407 1869 3408 1687 3408 1686 3408 1869 3409 1686 3409 1870 3409 1870 3410 1686 3410 1685 3410 1870 3411 1685 3411 1871 3411 1871 3412 1685 3412 1689 3412 1871 3413 1689 3413 1872 3413 1872 3414 1689 3414 1690 3414 1872 3415 1690 3415 1873 3415 1873 3416 1690 3416 1691 3416 1873 3417 1691 3417 1874 3417 1874 3418 1691 3418 1692 3418 1874 3419 1692 3419 1875 3419 1875 3420 1692 3420 1688 3420 1875 3421 1688 3421 1863 3421 1863 3422 1688 3422 1684 3422 1876 3423 1877 3423 1571 3423 1878 3424 1567 3424 1783 3424 1783 3425 1567 3425 1566 3425 1571 3426 1877 3426 1572 3426 1572 3427 1877 3427 1781 3427 1878 3428 1879 3428 1567 3428 1582 3429 1880 3429 1881 3429 1881 3430 1882 3430 1582 3430 1582 3431 1882 3431 1883 3431 1582 3432 1883 3432 1583 3432 1583 3433 1883 3433 1884 3433 1583 3434 1884 3434 1584 3434 1885 3435 1886 3435 1887 3435 1887 3436 1886 3436 1888 3436 1887 3437 1888 3437 1889 3437 1890 3438 1891 3438 1892 3438 1888 3439 1893 3439 1889 3439 1889 3440 1893 3440 1890 3440 1889 3441 1890 3441 1894 3441 1894 3442 1890 3442 1892 3442 1895 3443 1896 3443 1897 3443 1897 3444 1896 3444 1885 3444 1897 3445 1885 3445 1898 3445 1898 3446 1885 3446 1887 3446 1579 3447 1578 3447 1899 3447 1899 3448 1578 3448 1900 3448 1899 3449 1900 3449 1901 3449 1902 3450 1903 3450 1904 3450 1900 3451 1905 3451 1901 3451 1901 3452 1905 3452 1906 3452 1901 3453 1906 3453 1907 3453 1907 3454 1906 3454 1902 3454 1907 3455 1902 3455 1908 3455 1908 3456 1902 3456 1904 3456 433 3457 1546 3457 1909 3457 1712 3458 1713 3458 1877 3458 1877 3459 1713 3459 1714 3459 1877 3460 1714 3460 1781 3460 1781 3461 1714 3461 1715 3461 1700 3462 1701 3462 1877 3462 1877 3463 1701 3463 1702 3463 1877 3464 1702 3464 1712 3464 1715 3465 1716 3465 1781 3465 1781 3466 1716 3466 1705 3466 1781 3467 1705 3467 1910 3467 1910 3468 1705 3468 1706 3468 1706 3469 1707 3469 1910 3469 1910 3470 1707 3470 1708 3470 1910 3471 1708 3471 1909 3471 1702 3472 1703 3472 1712 3472 1712 3473 1703 3473 1704 3473 1712 3474 1704 3474 1711 3474 1711 3475 1704 3475 1693 3475 1711 3476 1693 3476 1710 3476 1710 3477 1693 3477 1694 3477 1710 3478 1694 3478 1695 3478 1708 3479 1709 3479 1909 3479 1909 3480 1709 3480 1710 3480 1909 3481 1710 3481 1696 3481 1696 3482 1710 3482 1695 3482 1696 3483 1697 3483 1909 3483 1909 3484 1697 3484 1698 3484 1909 3485 1698 3485 1877 3485 1877 3486 1698 3486 1699 3486 1877 3487 1699 3487 1700 3487 1910 3488 1539 3488 225 3488 1911 3489 1723 3489 1912 3489 1912 3490 1723 3490 1722 3490 1912 3491 1722 3491 1913 3491 1913 3492 1722 3492 1724 3492 1913 3493 1724 3493 1914 3493 1914 3494 1724 3494 1719 3494 1914 3495 1719 3495 1915 3495 1915 3496 1719 3496 1718 3496 1915 3497 1718 3497 1916 3497 1916 3498 1718 3498 1720 3498 1916 3499 1720 3499 1917 3499 1917 3500 1720 3500 1721 3500 1917 3501 1721 3501 1918 3501 1918 3502 1721 3502 1729 3502 1918 3503 1729 3503 1919 3503 1919 3504 1729 3504 1730 3504 1919 3505 1730 3505 1920 3505 1920 3506 1730 3506 1727 3506 1920 3507 1727 3507 1921 3507 1921 3508 1727 3508 1726 3508 1921 3509 1726 3509 1922 3509 1922 3510 1726 3510 1728 3510 1922 3511 1728 3511 1923 3511 1923 3512 1728 3512 1725 3512 1923 3513 1725 3513 1911 3513 1911 3514 1725 3514 1723 3514 1924 3515 1925 3515 1731 3515 1731 3516 1732 3516 1924 3516 1924 3517 1732 3517 1733 3517 1924 3518 1733 3518 1926 3518 1733 3519 1734 3519 1926 3519 1926 3520 1734 3520 1735 3520 1926 3521 1735 3521 1927 3521 1927 3522 1735 3522 1736 3522 1927 3523 1736 3523 1928 3523 1736 3524 1737 3524 1928 3524 1928 3525 1737 3525 1738 3525 1928 3526 1738 3526 1929 3526 1738 3527 1739 3527 1929 3527 1929 3528 1739 3528 1740 3528 1929 3529 1740 3529 1930 3529 1743 3530 1931 3530 1742 3530 1742 3531 1931 3531 1930 3531 1742 3532 1930 3532 1741 3532 1741 3533 1930 3533 1740 3533 1731 3534 1925 3534 1748 3534 1748 3535 1925 3535 1932 3535 1748 3536 1932 3536 1747 3536 1747 3537 1932 3537 1933 3537 1747 3538 1933 3538 1746 3538 1746 3539 1933 3539 1934 3539 1746 3540 1934 3540 1745 3540 1745 3541 1934 3541 1935 3541 1745 3542 1935 3542 1744 3542 1744 3543 1935 3543 1936 3543 1744 3544 1936 3544 1743 3544 1743 3545 1936 3545 1931 3545 1937 3546 1755 3546 1938 3546 1938 3547 1755 3547 1754 3547 1938 3548 1754 3548 1939 3548 1939 3549 1754 3549 1756 3549 1939 3550 1756 3550 1940 3550 1940 3551 1756 3551 1751 3551 1940 3552 1751 3552 1941 3552 1941 3553 1751 3553 1750 3553 1941 3554 1750 3554 1942 3554 1942 3555 1750 3555 1752 3555 1942 3556 1752 3556 1943 3556 1943 3557 1752 3557 1753 3557 1943 3558 1753 3558 1944 3558 1944 3559 1753 3559 1761 3559 1944 3560 1761 3560 1945 3560 1945 3561 1761 3561 1762 3561 1945 3562 1762 3562 1946 3562 1946 3563 1762 3563 1759 3563 1946 3564 1759 3564 1947 3564 1947 3565 1759 3565 1758 3565 1947 3566 1758 3566 1948 3566 1948 3567 1758 3567 1760 3567 1948 3568 1760 3568 1949 3568 1949 3569 1760 3569 1757 3569 1949 3570 1757 3570 1937 3570 1937 3571 1757 3571 1755 3571 1950 3572 1951 3572 1763 3572 1763 3573 1764 3573 1950 3573 1950 3574 1764 3574 1765 3574 1950 3575 1765 3575 1952 3575 1765 3576 1766 3576 1952 3576 1952 3577 1766 3577 1767 3577 1952 3578 1767 3578 1953 3578 1953 3579 1767 3579 1768 3579 1953 3580 1768 3580 1954 3580 1768 3581 1769 3581 1954 3581 1954 3582 1769 3582 1770 3582 1954 3583 1770 3583 1955 3583 1770 3584 1771 3584 1955 3584 1955 3585 1771 3585 1772 3585 1955 3586 1772 3586 1956 3586 1775 3587 1957 3587 1774 3587 1774 3588 1957 3588 1956 3588 1774 3589 1956 3589 1773 3589 1773 3590 1956 3590 1772 3590 1763 3591 1951 3591 1780 3591 1780 3592 1951 3592 1958 3592 1780 3593 1958 3593 1779 3593 1779 3594 1958 3594 1959 3594 1779 3595 1959 3595 1778 3595 1778 3596 1959 3596 1960 3596 1778 3597 1960 3597 1777 3597 1777 3598 1960 3598 1961 3598 1777 3599 1961 3599 1776 3599 1776 3600 1961 3600 1962 3600 1776 3601 1962 3601 1775 3601 1775 3602 1962 3602 1957 3602 1564 3603 1963 3603 1563 3603 1563 3604 1963 3604 1964 3604 1563 3605 1964 3605 1565 3605 1577 3606 1576 3606 1965 3606 1965 3607 1576 3607 1574 3607 1965 3608 1574 3608 1966 3608 1572 3609 1782 3609 1574 3609 1574 3610 1782 3610 1966 3610 225 3611 1782 3611 1910 3611 1910 3612 1782 3612 1781 3612 241 3613 1967 3613 1784 3613 1784 3614 1967 3614 1783 3614 1964 3615 1784 3615 1565 3615 1565 3616 1784 3616 1566 3616 241 3617 1501 3617 1967 3617 1804 3618 1805 3618 1968 3618 1968 3619 1805 3619 1806 3619 1968 3620 1806 3620 1967 3620 1967 3621 1806 3621 1807 3621 1801 3622 1796 3622 1800 3622 1800 3623 1796 3623 1785 3623 1792 3624 1968 3624 1791 3624 1791 3625 1968 3625 1878 3625 1791 3626 1878 3626 1790 3626 1792 3627 1793 3627 1968 3627 1968 3628 1793 3628 1794 3628 1968 3629 1794 3629 1804 3629 1804 3630 1794 3630 1795 3630 1804 3631 1795 3631 1803 3631 1803 3632 1795 3632 1796 3632 1803 3633 1796 3633 1802 3633 1802 3634 1796 3634 1801 3634 1807 3635 1808 3635 1967 3635 1967 3636 1808 3636 1797 3636 1967 3637 1797 3637 1783 3637 1783 3638 1797 3638 1798 3638 1785 3639 1786 3639 1800 3639 1800 3640 1786 3640 1783 3640 1800 3641 1783 3641 1799 3641 1799 3642 1783 3642 1798 3642 1786 3643 1787 3643 1783 3643 1783 3644 1787 3644 1788 3644 1783 3645 1788 3645 1878 3645 1878 3646 1788 3646 1789 3646 1878 3647 1789 3647 1790 3647 1500 3648 476 3648 1968 3648 1969 3649 1815 3649 1970 3649 1970 3650 1815 3650 1814 3650 1970 3651 1814 3651 1971 3651 1971 3652 1814 3652 1816 3652 1971 3653 1816 3653 1972 3653 1972 3654 1816 3654 1811 3654 1972 3655 1811 3655 1973 3655 1973 3656 1811 3656 1810 3656 1973 3657 1810 3657 1974 3657 1974 3658 1810 3658 1812 3658 1974 3659 1812 3659 1975 3659 1975 3660 1812 3660 1813 3660 1975 3661 1813 3661 1976 3661 1976 3662 1813 3662 1821 3662 1976 3663 1821 3663 1977 3663 1977 3664 1821 3664 1822 3664 1977 3665 1822 3665 1978 3665 1978 3666 1822 3666 1819 3666 1978 3667 1819 3667 1979 3667 1979 3668 1819 3668 1818 3668 1979 3669 1818 3669 1980 3669 1980 3670 1818 3670 1820 3670 1980 3671 1820 3671 1981 3671 1981 3672 1820 3672 1817 3672 1981 3673 1817 3673 1969 3673 1969 3674 1817 3674 1815 3674 1982 3675 1830 3675 1983 3675 1983 3676 1830 3676 1829 3676 1983 3677 1829 3677 1984 3677 1984 3678 1829 3678 1831 3678 1984 3679 1831 3679 1985 3679 1985 3680 1831 3680 1827 3680 1985 3681 1827 3681 1986 3681 1986 3682 1827 3682 1826 3682 1986 3683 1826 3683 1987 3683 1987 3684 1826 3684 1828 3684 1987 3685 1828 3685 1988 3685 1988 3686 1828 3686 1825 3686 1988 3687 1825 3687 1989 3687 1989 3688 1825 3688 1824 3688 1989 3689 1824 3689 1990 3689 1990 3690 1824 3690 1835 3690 1990 3691 1835 3691 1991 3691 1991 3692 1835 3692 1836 3692 1991 3693 1836 3693 1992 3693 1992 3694 1836 3694 1833 3694 1992 3695 1833 3695 1993 3695 1993 3696 1833 3696 1832 3696 1993 3697 1832 3697 1994 3697 1994 3698 1832 3698 1834 3698 1994 3699 1834 3699 1982 3699 1982 3700 1834 3700 1830 3700 1995 3701 1838 3701 1996 3701 1996 3702 1838 3702 1837 3702 1996 3703 1837 3703 1997 3703 1997 3704 1837 3704 1839 3704 1997 3705 1839 3705 1998 3705 1998 3706 1839 3706 1841 3706 1998 3707 1841 3707 1999 3707 1999 3708 1841 3708 1844 3708 1999 3709 1844 3709 2000 3709 2000 3710 1844 3710 1843 3710 2000 3711 1843 3711 2001 3711 2001 3712 1843 3712 1842 3712 2001 3713 1842 3713 2002 3713 2002 3714 1842 3714 1845 3714 2002 3715 1845 3715 2003 3715 2003 3716 1845 3716 1846 3716 2003 3717 1846 3717 2004 3717 2004 3718 1846 3718 1847 3718 2004 3719 1847 3719 2005 3719 2005 3720 1847 3720 1849 3720 2005 3721 1849 3721 2006 3721 2006 3722 1849 3722 1848 3722 2006 3723 1848 3723 1995 3723 1995 3724 1848 3724 1838 3724 1856 3725 2007 3725 1855 3725 1855 3726 2007 3726 2008 3726 1855 3727 2008 3727 1854 3727 1854 3728 2008 3728 2009 3728 1854 3729 2009 3729 1853 3729 1853 3730 2009 3730 2010 3730 1853 3731 2010 3731 1852 3731 1852 3732 2010 3732 2011 3732 1852 3733 2011 3733 1851 3733 1851 3734 2011 3734 2012 3734 1851 3735 2012 3735 1850 3735 1850 3736 2012 3736 2013 3736 1850 3737 2013 3737 1862 3737 1862 3738 2013 3738 2014 3738 1862 3739 2014 3739 1861 3739 1861 3740 2014 3740 2015 3740 1861 3741 2015 3741 1860 3741 1860 3742 2015 3742 2016 3742 1860 3743 2016 3743 1859 3743 1859 3744 2016 3744 2017 3744 1859 3745 2017 3745 1858 3745 1858 3746 2017 3746 2018 3746 1858 3747 2018 3747 1857 3747 1857 3748 2018 3748 2019 3748 1857 3749 2019 3749 1856 3749 1856 3750 2019 3750 2007 3750 1870 3751 2020 3751 1869 3751 1869 3752 2020 3752 2021 3752 1869 3753 2021 3753 1868 3753 1868 3754 2021 3754 2022 3754 1868 3755 2022 3755 1867 3755 1867 3756 2022 3756 2023 3756 1867 3757 2023 3757 1866 3757 1866 3758 2023 3758 2024 3758 1866 3759 2024 3759 1865 3759 1865 3760 2024 3760 2025 3760 1865 3761 2025 3761 1864 3761 1864 3762 2025 3762 2026 3762 1864 3763 2026 3763 1863 3763 1863 3764 2026 3764 2027 3764 1863 3765 2027 3765 1875 3765 1875 3766 2027 3766 2028 3766 1875 3767 2028 3767 1874 3767 1874 3768 2028 3768 2029 3768 1874 3769 2029 3769 1873 3769 1873 3770 2029 3770 2030 3770 1873 3771 2030 3771 1872 3771 1872 3772 2030 3772 2031 3772 1872 3773 2031 3773 1871 3773 1871 3774 2031 3774 2032 3774 1871 3775 2032 3775 1870 3775 1870 3776 2032 3776 2020 3776 433 3777 1909 3777 2033 3777 2033 3778 1909 3778 1877 3778 2033 3779 1877 3779 1876 3779 1876 3780 1571 3780 2034 3780 2034 3781 1571 3781 1573 3781 1562 3782 2035 3782 1575 3782 1575 3783 2035 3783 2034 3783 1575 3784 2034 3784 1573 3784 1570 3785 1569 3785 2036 3785 2036 3786 1569 3786 1568 3786 2036 3787 1568 3787 2037 3787 1568 3788 1567 3788 2037 3788 2037 3789 1567 3789 1879 3789 1879 3790 1878 3790 2038 3790 2038 3791 1878 3791 1968 3791 2038 3792 1968 3792 476 3792 1591 3793 1592 3793 2039 3793 1591 3794 2039 3794 1590 3794 1590 3795 2039 3795 2040 3795 1590 3796 2040 3796 1581 3796 2041 3797 2042 3797 2043 3797 2043 3798 2042 3798 1880 3798 1880 3799 1582 3799 2043 3799 2043 3800 1582 3800 1581 3800 2043 3801 1581 3801 2040 3801 1880 3802 2042 3802 1881 3802 1881 3803 2042 3803 2044 3803 1881 3804 2044 3804 1882 3804 1882 3805 2044 3805 2045 3805 1882 3806 2045 3806 1883 3806 2046 3807 2047 3807 2045 3807 2045 3808 2047 3808 1884 3808 2045 3809 1884 3809 1883 3809 2048 3810 2049 3810 2046 3810 2046 3811 2049 3811 2047 3811 2050 3812 2051 3812 2052 3812 2050 3813 2052 3813 2053 3813 2053 3814 2052 3814 2054 3814 2053 3815 2054 3815 2055 3815 2055 3816 2054 3816 2049 3816 2055 3817 2049 3817 2048 3817 2051 3818 2056 3818 1585 3818 1585 3819 2056 3819 2057 3819 1585 3820 2057 3820 1580 3820 2049 3821 1585 3821 2047 3821 2047 3822 1585 3822 1584 3822 2047 3823 1584 3823 1884 3823 2049 3824 2054 3824 1585 3824 1585 3825 2054 3825 2052 3825 1585 3826 2052 3826 2051 3826 2058 3827 2039 3827 1592 3827 2059 3828 2060 3828 2061 3828 2061 3829 2060 3829 2058 3829 2061 3830 2058 3830 1589 3830 1589 3831 2058 3831 1592 3831 1516 3832 1885 3832 1514 3832 1514 3833 1885 3833 1896 3833 1514 3834 1896 3834 1512 3834 1512 3835 1896 3835 1895 3835 1512 3836 1895 3836 1548 3836 1548 3837 1895 3837 1897 3837 1548 3838 1897 3838 1549 3838 1897 3839 1898 3839 1549 3839 1549 3840 1898 3840 1887 3840 1549 3841 1887 3841 1550 3841 1550 3842 1887 3842 1889 3842 1550 3843 1889 3843 1551 3843 1551 3844 1889 3844 1894 3844 1551 3845 1894 3845 1540 3845 1540 3846 1894 3846 1892 3846 1540 3847 1892 3847 1492 3847 1492 3848 1892 3848 1891 3848 1492 3849 1891 3849 1493 3849 1493 3850 1891 3850 1890 3850 1493 3851 1890 3851 1522 3851 1522 3852 1890 3852 1893 3852 1522 3853 1893 3853 1523 3853 1885 3854 1516 3854 1886 3854 1886 3855 1516 3855 1523 3855 1886 3856 1523 3856 1888 3856 1888 3857 1523 3857 1893 3857 1531 3858 1900 3858 1532 3858 1532 3859 1900 3859 1578 3859 1555 3860 1901 3860 1557 3860 1557 3861 1901 3861 1907 3861 1557 3862 1907 3862 1558 3862 1558 3863 1907 3863 1908 3863 1558 3864 1908 3864 1544 3864 1544 3865 1908 3865 1904 3865 1544 3866 1904 3866 1545 3866 1545 3867 1904 3867 1903 3867 1545 3868 1903 3868 1513 3868 1513 3869 1903 3869 1902 3869 1513 3870 1902 3870 1515 3870 1515 3871 1902 3871 1906 3871 1515 3872 1906 3872 1531 3872 1531 3873 1906 3873 1905 3873 1531 3874 1905 3874 1900 3874 1552 3875 1579 3875 1553 3875 1553 3876 1579 3876 1899 3876 1553 3877 1899 3877 1555 3877 1555 3878 1899 3878 1901 3878 2059 3879 2062 3879 1520 3879 1520 3880 2062 3880 2063 3880 2063 3881 2062 3881 1509 3881 1509 3882 2062 3882 2064 3882 1509 3883 2064 3883 2065 3883 2064 3884 2066 3884 2065 3884 2065 3885 2066 3885 2067 3885 2065 3886 2067 3886 1511 3886 1529 3887 2060 3887 1520 3887 1520 3888 2060 3888 2059 3888 1506 3889 1559 3889 2068 3889 2068 3890 1559 3890 1560 3890 2068 3891 1560 3891 2069 3891 1560 3892 1546 3892 2069 3892 2069 3893 1546 3893 433 3893 1546 3894 1539 3894 1909 3894 1909 3895 1539 3895 1910 3895 2070 3896 225 3896 1538 3896 1538 3897 225 3897 1539 3897 1494 3898 2071 3898 1547 3898 1547 3899 2071 3899 2070 3899 1547 3900 2070 3900 1538 3900 1958 3901 1941 3901 1959 3901 1959 3902 1941 3902 1942 3902 1938 3903 1939 3903 1782 3903 1782 3904 1939 3904 1940 3904 1784 3905 1964 3905 1928 3905 1936 3906 1935 3906 241 3906 2070 3907 2071 3907 1962 3907 1915 3908 1784 3908 1914 3908 1914 3909 1784 3909 1928 3909 1914 3910 1928 3910 1913 3910 1913 3911 1928 3911 1912 3911 241 3912 1935 3912 2072 3912 1935 3913 1934 3913 2072 3913 2072 3914 1934 3914 1933 3914 2072 3915 1933 3915 2073 3915 2073 3916 1933 3916 1932 3916 2073 3917 1932 3917 2074 3917 1925 3918 1494 3918 1932 3918 1932 3919 1494 3919 1498 3919 1932 3920 1498 3920 2074 3920 1958 3921 1951 3921 1941 3921 1941 3922 1951 3922 1950 3922 1941 3923 1950 3923 1940 3923 1940 3924 1950 3924 1952 3924 1940 3925 1952 3925 1782 3925 1782 3926 1952 3926 1953 3926 1782 3927 1953 3927 1966 3927 1946 3928 1947 3928 225 3928 1942 3929 1943 3929 1959 3929 1959 3930 1943 3930 1944 3930 1959 3931 1944 3931 1945 3931 1945 3932 1946 3932 1959 3932 1959 3933 1946 3933 225 3933 1959 3934 225 3934 1960 3934 1960 3935 225 3935 2070 3935 1960 3936 2070 3936 1961 3936 1961 3937 2070 3937 1962 3937 1947 3938 1948 3938 225 3938 225 3939 1948 3939 1949 3939 225 3940 1949 3940 1782 3940 1782 3941 1949 3941 1937 3941 1782 3942 1937 3942 1938 3942 1931 3943 1911 3943 1930 3943 1930 3944 1911 3944 1912 3944 1930 3945 1912 3945 1929 3945 1929 3946 1912 3946 1928 3946 1915 3947 1916 3947 1784 3947 1784 3948 1916 3948 1917 3948 1784 3949 1917 3949 241 3949 241 3950 1917 3950 1918 3950 241 3951 1918 3951 1919 3951 1953 3952 1954 3952 1966 3952 1966 3953 1954 3953 1955 3953 1966 3954 1955 3954 1965 3954 1965 3955 1955 3955 1956 3955 1924 3956 1926 3956 1964 3956 1964 3957 1926 3957 1927 3957 1964 3958 1927 3958 1928 3958 1919 3959 1920 3959 241 3959 241 3960 1920 3960 1921 3960 241 3961 1921 3961 1936 3961 1936 3962 1921 3962 1922 3962 1936 3963 1922 3963 1931 3963 1931 3964 1922 3964 1923 3964 1931 3965 1923 3965 1911 3965 2071 3966 1494 3966 1962 3966 1962 3967 1494 3967 1925 3967 1962 3968 1925 3968 1957 3968 1957 3969 1925 3969 1924 3969 1957 3970 1924 3970 1956 3970 1964 3971 1963 3971 1924 3971 1924 3972 1963 3972 1564 3972 1924 3973 1564 3973 1956 3973 1956 3974 1564 3974 1577 3974 1956 3975 1577 3975 1965 3975 1497 3976 1543 3976 2072 3976 2072 3977 2073 3977 1497 3977 1497 3978 2073 3978 2074 3978 1497 3979 2074 3979 1498 3979 1543 3980 1501 3980 2072 3980 2072 3981 1501 3981 241 3981 1968 3982 1967 3982 1500 3982 1500 3983 1967 3983 1501 3983 1499 3984 2075 3984 1500 3984 1500 3985 2075 3985 476 3985 1504 3986 2076 3986 1526 3986 1526 3987 2076 3987 2075 3987 1526 3988 2075 3988 1499 3988 2004 3989 1529 3989 1506 3989 1997 3990 1998 3990 2058 3990 2001 3991 2002 3991 1506 3991 1506 3992 2002 3992 2003 3992 1506 3993 2003 3993 2004 3993 2032 3994 2031 3994 2000 3994 2000 3995 2031 3995 1999 3995 1990 3996 1991 3996 433 3996 433 3997 1991 3997 1992 3997 433 3998 1992 3998 2069 3998 2069 3999 1992 3999 2001 3999 2069 4000 2001 4000 2068 4000 2068 4001 2001 4001 1506 4001 2004 4002 2005 4002 1529 4002 1529 4003 2005 4003 2006 4003 1529 4004 2006 4004 2060 4004 2060 4005 2006 4005 1995 4005 2060 4006 1995 4006 2058 4006 2058 4007 1995 4007 1996 4007 2058 4008 1996 4008 1997 4008 1990 4009 433 4009 1989 4009 1989 4010 433 4010 2033 4010 1989 4011 2033 4011 1988 4011 2023 4012 2001 4012 2024 4012 2024 4013 2001 4013 1992 4013 2024 4014 1992 4014 2025 4014 2025 4015 1992 4015 1993 4015 2025 4016 1993 4016 2026 4016 2026 4017 1993 4017 2027 4017 1993 4018 1994 4018 2027 4018 2027 4019 1994 4019 1982 4019 2027 4020 1982 4020 2028 4020 2028 4021 1982 4021 1983 4021 2023 4022 2022 4022 2001 4022 2001 4023 2022 4023 2021 4023 2001 4024 2021 4024 2000 4024 2000 4025 2021 4025 2020 4025 2000 4026 2020 4026 2032 4026 1983 4027 1984 4027 2028 4027 2028 4028 1984 4028 1985 4028 2028 4029 1985 4029 2029 4029 2029 4030 1985 4030 1986 4030 2029 4031 1986 4031 2033 4031 2033 4032 1986 4032 1987 4032 2033 4033 1987 4033 1988 4033 1561 4034 2077 4034 2043 4034 2043 4035 2040 4035 1561 4035 1561 4036 2040 4036 2039 4036 1561 4037 2039 4037 1562 4037 2034 4038 2035 4038 2031 4038 2033 4039 1876 4039 2029 4039 2029 4040 1876 4040 2034 4040 2029 4041 2034 4041 2030 4041 2030 4042 2034 4042 2031 4042 1562 4043 2039 4043 2035 4043 2035 4044 2039 4044 2058 4044 2035 4045 2058 4045 2031 4045 2031 4046 2058 4046 1998 4046 2031 4047 1998 4047 1999 4047 1979 4048 2012 4048 2011 4048 1970 4049 1971 4049 2075 4049 2075 4050 1971 4050 1972 4050 2075 4051 1972 4051 476 4051 2009 4052 2008 4052 2077 4052 2077 4053 2008 4053 2007 4053 1972 4054 1973 4054 476 4054 476 4055 1973 4055 1974 4055 476 4056 1974 4056 2038 4056 2038 4057 1974 4057 1975 4057 1979 4058 2011 4058 1978 4058 1975 4059 1976 4059 2038 4059 2038 4060 1976 4060 1977 4060 2038 4061 1977 4061 1978 4061 1979 4062 1980 4062 2012 4062 2012 4063 1980 4063 1981 4063 2012 4064 1981 4064 2013 4064 2013 4065 1981 4065 1969 4065 2013 4066 1969 4066 2014 4066 2014 4067 1969 4067 1970 4067 2014 4068 1970 4068 2015 4068 2015 4069 1970 4069 2016 4069 2016 4070 1970 4070 2075 4070 2016 4071 2075 4071 2017 4071 2041 4072 2043 4072 1534 4072 1534 4073 2043 4073 2077 4073 1534 4074 2077 4074 1517 4074 1517 4075 2077 4075 2007 4075 1517 4076 2007 4076 2019 4076 2017 4077 2075 4077 2018 4077 2018 4078 2075 4078 2076 4078 2018 4079 2076 4079 2019 4079 2019 4080 2076 4080 1504 4080 2019 4081 1504 4081 1517 4081 1978 4082 2011 4082 2038 4082 2038 4083 2011 4083 2037 4083 2038 4084 2037 4084 1879 4084 1561 4085 1570 4085 2077 4085 2077 4086 1570 4086 2036 4086 2077 4087 2036 4087 2009 4087 2009 4088 2036 4088 2037 4088 2009 4089 2037 4089 2010 4089 2010 4090 2037 4090 2011 4090 2041 4091 1534 4091 2042 4091 2042 4092 1534 4092 1535 4092 1519 4093 2046 4093 2045 4093 1519 4094 2045 4094 2078 4094 2078 4095 2045 4095 2044 4095 2078 4096 2044 4096 2079 4096 2079 4097 2044 4097 2042 4097 2079 4098 2042 4098 1535 4098 2046 4099 1519 4099 2048 4099 2048 4100 1519 4100 1518 4100 2048 4101 1518 4101 1503 4101 2080 4102 2055 4102 1503 4102 1503 4103 2055 4103 2048 4103 2080 4104 1528 4104 2055 4104 2055 4105 1528 4105 2081 4105 2055 4106 2081 4106 2053 4106 2053 4107 2081 4107 2082 4107 2053 4108 2082 4108 2050 4108 2056 4109 2051 4109 1527 4109 1527 4110 2051 4110 2050 4110 2050 4111 2082 4111 1527 4111 1527 4112 2082 4112 2081 4112 1527 4113 2081 4113 1528 4113 2056 4114 1527 4114 2057 4114 2057 4115 1527 4115 1525 4115 2057 4116 1525 4116 1580 4116 1580 4117 1525 4117 1524 4117 1511 4118 2067 4118 1530 4118 1530 4119 2067 4119 2083 4119 1530 4120 2083 4120 1508 4120 2084 4121 1586 4121 1554 4121 1554 4122 1586 4122 1533 4122 2085 4123 2067 4123 2086 4123 2086 4124 2067 4124 2066 4124 2086 4125 2066 4125 2087 4125 2087 4126 2066 4126 2088 4126 2088 4127 2066 4127 2064 4127 2088 4128 2064 4128 2089 4128 2089 4129 2064 4129 2062 4129 2089 4130 2062 4130 2090 4130 2090 4131 2062 4131 2059 4131 2090 4132 2059 4132 2061 4132 2087 4133 2088 4133 1589 4133 2088 4134 2089 4134 1589 4134 1589 4135 2089 4135 2091 4135 1589 4136 2091 4136 2061 4136 2087 4137 1589 4137 2086 4137 2086 4138 1589 4138 1588 4138 2086 4139 1588 4139 1587 4139 2084 4140 1554 4140 2092 4140 2092 4141 1554 4141 1556 4141 2093 4142 1505 4142 1507 4142 1508 4143 2083 4143 1507 4143 1507 4144 2083 4144 2094 4144 1507 4145 2094 4145 2093 4145 2093 4146 2094 4146 2095 4146 2093 4147 2095 4147 2096 4147 2067 4148 2085 4148 2083 4148 2083 4149 2085 4149 2097 4149 2086 4150 1587 4150 2085 4150 2085 4151 1587 4151 1586 4151 2085 4152 1586 4152 2084 4152 2098 4153 2099 4153 2100 4153 2084 4154 2092 4154 2085 4154 2085 4155 2092 4155 2098 4155 2085 4156 2098 4156 2097 4156 2097 4157 2098 4157 2100 4157 2098 4158 2092 4158 2096 4158 2096 4159 2092 4159 1556 4159 2096 4160 1556 4160 2093 4160 2093 4161 1556 4161 1505 4161 2083 4162 2097 4162 2100 4162 2083 4163 2100 4163 2094 4163 2094 4164 2100 4164 2099 4164 2094 4165 2099 4165 2095 4165 2095 4166 2099 4166 2098 4166 2095 4167 2098 4167 2096 4167</p>
                </triangles>
            </mesh>
        </geometry>
    </library_geometries>
    <library_visual_scenes>
        <visual_scene id="VisualSceneNode" name="VisualScene">
            <node id="node" name="node">
                <instance_geometry url="#shape0-lib"/>
            </node>
        </visual_scene>
    </library_visual_scenes>
    <scene>
        <instance_visual_scene url="#VisualSceneNode"/>
    </scene>
</COLLADA>
